{
  "type": "FeatureCollection",
  "features": [
    {
      "type": "Feature",
      "geometry": {
        "type": "Point",
        "coordinates": [
          54.5643516,
          32.6475314
        ]
      },
      "properties": {
        "source": "ISW",
        "date": "2026-06-20",
        "title": "ISW UAV/missile",
        "place": "Iran",
        "snippet": "Russian Security Council Deputy Chairperson Dmitry Medvedev directly criticized US President Donald Trump for striking Iran, claiming on his English and Russian language social media channels that the &#8220;peacekeeper&#8221; has &#8220;shown his true colors.&#8221;[3] Russian State Duma Internatio",
        "url": "https://understandingwar.org/research/russia-ukraine/russian-offensive-campaign-assessment-updates-2/"
      }
    },
    {
      "type": "Feature",
      "geometry": {
        "type": "Point",
        "coordinates": [
          31.2718321,
          49.4871968
        ]
      },
      "properties": {
        "source": "ISW",
        "date": "2026-06-20",
        "title": "ISW UAV/missile",
        "place": "Ukraine",
        "snippet": "Russia issued similar condemnations of the June 2025 war and was unable to provide Iran with more support in defending against Israeli and later US strikes.[6] Russia&#8217;s war in Ukraine is constraining Russia\u2019s ability to provide military support to Iran, also highlighting how Russia has become ",
        "url": "https://understandingwar.org/research/russia-ukraine/russian-offensive-campaign-assessment-updates-2/"
      }
    },
    {
      "type": "Feature",
      "geometry": {
        "type": "Point",
        "coordinates": [
          37.7809825,
          47.9212914
        ]
      },
      "properties": {
        "source": "ISW",
        "date": "2026-06-20",
        "title": "ISW UAV/missile",
        "place": "Donetsk",
        "snippet": "read the full Feb 28 report Russian Offensive Campaign Assessment, February 27, 2026 Toplines Russian forces have likely begun artillery and drone preparation of the battlefield for the anticipated Russian Spring-Summer 2026 offensive against Ukraine\u2019s Fortress Belt in Donetsk Oblast",
        "url": "https://understandingwar.org/research/russia-ukraine/russian-offensive-campaign-assessment-updates-2/"
      }
    },
    {
      "type": "Feature",
      "geometry": {
        "type": "Point",
        "coordinates": [
          37.7809825,
          47.9212914
        ]
      },
      "properties": {
        "source": "ISW",
        "date": "2026-06-20",
        "title": "ISW UAV/missile",
        "place": "Donetsk",
        "snippet": "Russian forces shelled Bilenke (roughly 14 kilometers from the frontline and immediately northeast of Kramatorsk, the northern tip of the Fortress Belt \u2014 a series of fortified cities that have constituted the backbone of Ukrainian defenses in Donetsk Oblast since 2014) on February 26 and 27 \u2014 the fi",
        "url": "https://understandingwar.org/research/russia-ukraine/russian-offensive-campaign-assessment-updates-2/"
      }
    },
    {
      "type": "Feature",
      "geometry": {
        "type": "Point",
        "coordinates": [
          37.6044657,
          48.5785754
        ]
      },
      "properties": {
        "source": "ISW",
        "date": "2026-06-20",
        "title": "ISW UAV/missile",
        "place": "Oleksiievo-Druzhkivka",
        "snippet": "BAI is the use of air power to strike targets in the frontline\u2019s operational rear (roughly 20 to 100 kilometers from the line of contact) to impact tactical battlefield operations, and Russia has largely been waging its BAI campaign with drone strikes.[2] Geolocated footage published on February 26 ",
        "url": "https://understandingwar.org/research/russia-ukraine/russian-offensive-campaign-assessment-updates-2/"
      }
    },
    {
      "type": "Feature",
      "geometry": {
        "type": "Point",
        "coordinates": [
          17.3094202,
          49.3597062
        ]
      },
      "properties": {
        "source": "ISW",
        "date": "2026-06-20",
        "title": "ISW UAV/missile",
        "place": "March",
        "snippet": "Russian law enforcement agencies announced on February 27 that Russian authorities detained Russian news outlet Readovka founder and former editor-in-chief Alexey Kostylev under suspicion of \u201clarge-scale fraud.\u201d[13] A spokesperson for the investigation told TASS that Russian authorities suspect Kost",
        "url": "https://understandingwar.org/research/russia-ukraine/russian-offensive-campaign-assessment-updates-2/"
      }
    },
    {
      "type": "Feature",
      "geometry": {
        "type": "Point",
        "coordinates": [
          -122.1897443,
          47.6219191
        ]
      },
      "properties": {
        "source": "ISW",
        "date": "2026-06-20",
        "title": "ISW UAV/missile",
        "place": "Swedish",
        "snippet": "The Swedish Armed Forces reported on February 27 that the Russian signals intelligence (SIGINT) ship Zhigulevsk launched a drone illegally while in Swedish territorial waters in the Oresund Strait during the visit of the Charles de Gaulle to Malmo.[21] The Swedish Armed Forces added that a nearby Sw",
        "url": "https://understandingwar.org/research/russia-ukraine/russian-offensive-campaign-assessment-updates-2/"
      }
    },
    {
      "type": "Feature",
      "geometry": {
        "type": "Point",
        "coordinates": [
          31.2718321,
          49.4871968
        ]
      },
      "properties": {
        "source": "ISW",
        "date": "2026-06-20",
        "title": "ISW UAV/missile",
        "place": "Ukraine",
        "snippet": "Protocol III of the Convention on Conventional Weapons prohibits the use of incendiary weapons, such as white phosphorus, against civilian targets or in areas with concentrations of civilians.[30] Russian forces notably have used white phosphorous and incendiary munitions allegedly in violation of i",
        "url": "https://understandingwar.org/research/russia-ukraine/russian-offensive-campaign-assessment-updates-2/"
      }
    },
    {
      "type": "Feature",
      "geometry": {
        "type": "Point",
        "coordinates": [
          -82.4995913,
          36.333438
        ]
      },
      "properties": {
        "source": "ISW",
        "date": "2026-06-20",
        "title": "ISW UAV/missile",
        "place": "February",
        "snippet": "The Ukrainian Air Force reported that Russian forces launched 420 drones and 39 missiles against Ukraine overnight \u2013 the fourth Russian strike of over 400 projectiles in February 2026.[1] The Ukrainian Air Force reported that Russian forces launched 11 Iskander-M ballistic missiles/S-300 surface-to-",
        "url": "https://understandingwar.org/research/russia-ukraine/russian-offensive-campaign-assessment-updates-2/"
      }
    },
    {
      "type": "Feature",
      "geometry": {
        "type": "Point",
        "coordinates": [
          33.7498787,
          49.8607809
        ]
      },
      "properties": {
        "source": "ISW",
        "date": "2026-06-20",
        "title": "ISW UAV/missile",
        "place": "Poltava",
        "snippet": "Ukrainian President Volodymyr Zelensky reported that Russian forces struck gas infrastructure in Poltava Oblast, electrical substations in Kyiv and Dnipropetrovsk oblasts, and caused additional damage in Chernihiv, Zaporizhia, Kharkiv, Kirovohrad, and Kyiv oblasts and Kyiv City.[2] Ukraine\u2019s largest",
        "url": "https://understandingwar.org/research/russia-ukraine/russian-offensive-campaign-assessment-updates-2/"
      }
    },
    {
      "type": "Feature",
      "geometry": {
        "type": "Point",
        "coordinates": [
          34.9501715,
          48.662589
        ]
      },
      "properties": {
        "source": "ISW",
        "date": "2026-06-20",
        "title": "ISW UAV/missile",
        "place": "Dnipropetrovsk",
        "snippet": "Ukrainian First Deputy Minister of Energy Artem Nekrasov reported that Russian overnight strikes left consumers in Dnipropetrovsk, Odesa, Donetsk, Zaporizhia, Poltava, and Kharkiv oblasts without electricity.[4] The appearance of ballistic, cruise, and anti-ship missiles in the February 25-26 strike",
        "url": "https://understandingwar.org/research/russia-ukraine/russian-offensive-campaign-assessment-updates-2/"
      }
    },
    {
      "type": "Feature",
      "geometry": {
        "type": "Point",
        "coordinates": [
          -82.4995913,
          36.333438
        ]
      },
      "properties": {
        "source": "ISW",
        "date": "2026-06-20",
        "title": "ISW UAV/missile",
        "place": "February",
        "snippet": "Russia has launched strike packages with 25 or more missiles five additional times in February 2026, most recently on February 22",
        "url": "https://understandingwar.org/research/russia-ukraine/russian-offensive-campaign-assessment-updates-2/"
      }
    },
    {
      "type": "Feature",
      "geometry": {
        "type": "Point",
        "coordinates": [
          6.1466014,
          46.2017559
        ]
      },
      "properties": {
        "source": "ISW",
        "date": "2026-06-20",
        "title": "ISW UAV/missile",
        "place": "Geneva",
        "snippet": "Russian forces often launch no or few missiles for multiple days in a row before launching strike packages with a significantly higher quantity of missiles, likely stockpiling missiles between strike series to maximize damage by launching several missiles alongside a large quantity of drones to over",
        "url": "https://understandingwar.org/research/russia-ukraine/russian-offensive-campaign-assessment-updates-2/"
      }
    },
    {
      "type": "Feature",
      "geometry": {
        "type": "Point",
        "coordinates": [
          6.1466014,
          46.2017559
        ]
      },
      "properties": {
        "source": "ISW",
        "date": "2026-06-20",
        "title": "ISW UAV/missile",
        "place": "Geneva",
        "snippet": "Ukrainian President Volodymyr Zelensky and US President Donald Trump spoke by phone on February 25 to discuss ongoing negotiations and preparation for upcoming bilateral and trilateral talks.[9] US and Ukrainian delegations also met in Geneva, Switzerland, on February 26, led by US Special Envoy to ",
        "url": "https://understandingwar.org/research/russia-ukraine/russian-offensive-campaign-assessment-updates-2/"
      }
    },
    {
      "type": "Feature",
      "geometry": {
        "type": "Point",
        "coordinates": [
          129.1540617,
          61.48327
        ]
      },
      "properties": {
        "source": "ISW",
        "date": "2026-06-20",
        "title": "ISW UAV/missile",
        "place": "Pokrovsk",
        "snippet": "Ukrainian 3rd Army Corps Commander Brigadier General Andriy Biletsky told the Independent on February 26 that Starlink outages have cut the effectiveness of Russia&#8217;s drone campaign by roughly 20 to 40 percent in the last two weeks.[12] The Independent noted that Ukrainian forces in the 3rd Arm",
        "url": "https://understandingwar.org/research/russia-ukraine/russian-offensive-campaign-assessment-updates-2/"
      }
    },
    {
      "type": "Feature",
      "geometry": {
        "type": "Point",
        "coordinates": [
          31.2718321,
          49.4871968
        ]
      },
      "properties": {
        "source": "ISW",
        "date": "2026-06-20",
        "title": "ISW UAV/missile",
        "place": "Ukraine",
        "snippet": "Russian forces had been using Starlink terminals both for frontline communication and to extend drone ranges to strike further into the Ukrainian rear and generate battlefield air interdiction (BAI) effects.[14] ISW has observed evidence over the last several weeks that the Starlink block has preven",
        "url": "https://understandingwar.org/research/russia-ukraine/russian-offensive-campaign-assessment-updates-2/"
      }
    },
    {
      "type": "Feature",
      "geometry": {
        "type": "Point",
        "coordinates": [
          45.18383,
          54.18671
        ]
      },
      "properties": {
        "source": "ISW",
        "date": "2026-06-20",
        "title": "ISW UAV/missile",
        "place": "Saransk",
        "snippet": "Industry sources told Russian business newspaper Vedomosti on February 26 that Russia\u2019s sole domestic optic fiber producer, the Optic Fiber Systems plant in Saransk, Republic of Mordovia, has been offline since Ukrainian drones struck the plant in May 2025.[18] The plant reportedly produced roughly ",
        "url": "https://understandingwar.org/research/russia-ukraine/russian-offensive-campaign-assessment-updates-2/"
      }
    },
    {
      "type": "Feature",
      "geometry": {
        "type": "Point",
        "coordinates": [
          36.2310146,
          49.9923181
        ]
      },
      "properties": {
        "source": "ISW",
        "date": "2026-06-20",
        "title": "ISW UAV/missile",
        "place": "Kharkiv",
        "snippet": "Such increases in fiber-optic FPV range will also allow Russian forces to harass civilian populations in Kharkiv City, similarly to how Russian forces have been using tactical drones to make life near the frontline untenable for civilians.[25] Russia is reportedly deploying elements of at least one ",
        "url": "https://understandingwar.org/research/russia-ukraine/russian-offensive-campaign-assessment-updates-2/"
      }
    },
    {
      "type": "Feature",
      "geometry": {
        "type": "Point",
        "coordinates": [
          -91.011418,
          45.8214101
        ]
      },
      "properties": {
        "source": "ISW",
        "date": "2026-06-20",
        "title": "ISW UAV/missile",
        "place": "Winter",
        "snippet": "Russian forces continued to fight to seize most of Myrnohrad (just east of Pokrovsk) for another month after that, with the Russian Ministry of Defense (MoD) claiming on December 28 that Russian forces seized the town.[3] The Russian MoD claimed that Russian forces fully seized Pokrovsk in early Dec",
        "url": "https://understandingwar.org/research/russia-ukraine/russian-offensive-campaign-assessment-updates-2/"
      }
    },
    {
      "type": "Feature",
      "geometry": {
        "type": "Point",
        "coordinates": [
          -89.7314472,
          45.4710329
        ]
      },
      "properties": {
        "source": "ISW",
        "date": "2026-06-20",
        "title": "ISW UAV/missile",
        "place": "Tomahawk",
        "snippet": "The source gave an example of what this Russian stall tactic has achieved, noting that Ukraine will not obtain Tomahawk missiles from the United States as long as Russia remains at the negotiating table",
        "url": "https://understandingwar.org/research/russia-ukraine/russian-offensive-campaign-assessment-updates-2/"
      }
    },
    {
      "type": "Feature",
      "geometry": {
        "type": "Point",
        "coordinates": [
          37.7809825,
          47.9212914
        ]
      },
      "properties": {
        "source": "ISW",
        "date": "2026-06-20",
        "title": "ISW UAV/missile",
        "place": "Donetsk",
        "snippet": "Ukrainian President Volodymyr Zelensky reported that Russian forces targeted Ukrainian logistics, including railway infrastructure, and water supply infrastructure in cities, rather than focusing on energy infrastructure.[2] Ukrainian Deputy Prime Minister and Development Minister Oleksiy Kuleba rep",
        "url": "https://understandingwar.org/research/russia-ukraine/russian-offensive-campaign-assessment-updates-2/"
      }
    },
    {
      "type": "Feature",
      "geometry": {
        "type": "Point",
        "coordinates": [
          53.990612,
          57.052505
        ]
      },
      "properties": {
        "source": "ISW",
        "date": "2026-06-20",
        "title": "ISW UAV/missile",
        "place": "Votkinsk",
        "snippet": "The Ukrainian General Staff reported that Ukrainian forces conducted a FP-5 Flamingo missile strike against the Russian state-owned Votkinsk Machine Building Plant in Votkinsk, Udmurtia Republic (roughly 1230 kilometers from the international border).[18] The Ukrainian General Staff reported that th",
        "url": "https://understandingwar.org/research/russia-ukraine/russian-offensive-campaign-assessment-updates-2/"
      }
    },
    {
      "type": "Feature",
      "geometry": {
        "type": "Point",
        "coordinates": [
          52.6959832,
          57.1961165
        ]
      },
      "properties": {
        "source": "ISW",
        "date": "2026-06-20",
        "title": "ISW UAV/missile",
        "place": "Udmurtia",
        "snippet": "Russian opposition outlet Astra and a Ukrainian open-source intelligence project reported that the plant also produces Topol-M missile systems and Oreshnik intermediate-range ballistic missiles (IRBM).[19] Geolocated footage published on February 20 shows smoke rising from the Votkinsk Plant.[20] Ud",
        "url": "https://understandingwar.org/research/russia-ukraine/russian-offensive-campaign-assessment-updates-2/"
      }
    },
    {
      "type": "Feature",
      "geometry": {
        "type": "Point",
        "coordinates": [
          23.4200824,
          48.6499199
        ]
      },
      "properties": {
        "source": "ISW",
        "date": "2026-06-20",
        "title": "ISW UAV/missile",
        "place": "Ukrainian",
        "snippet": "The Ukrainian General Staff reported that Ukrainian forces struck two Project 22460 Okhotnik border patrol vessels near occupied Inkerman, Crimea (roughly 237 kilometers from the frontline) and two Be-12 amphibious aircraft at the Yevpatoria aircraft repair plant in occupied Yevpatoria, Crimea (165 ",
        "url": "https://understandingwar.org/research/russia-ukraine/russian-offensive-campaign-assessment-updates-2/"
      }
    },
    {
      "type": "Feature",
      "geometry": {
        "type": "Point",
        "coordinates": [
          27.6971358,
          53.4250605
        ]
      },
      "properties": {
        "source": "ISW",
        "date": "2026-06-20",
        "title": "ISW UAV/missile",
        "place": "Belarus",
        "snippet": "Pro-Ukrainian hacker groups announced on February 20 that the hackers conducted a six-month cyber operation using dozens of hacked Russian military personnel accounts to gain access to Russian drone monitoring systems.[31] The hacker groups reported that Russian forces used civilian infrastructure i",
        "url": "https://understandingwar.org/research/russia-ukraine/russian-offensive-campaign-assessment-updates-2/"
      }
    },
    {
      "type": "Feature",
      "geometry": {
        "type": "Point",
        "coordinates": [
          19.134422,
          52.215933
        ]
      },
      "properties": {
        "source": "ISW",
        "date": "2026-06-20",
        "title": "ISW UAV/missile",
        "place": "Poland",
        "snippet": "The hacker groups reported that Russian strikes overnight on September 9 to 10, 2025, during which Russian drones crossed into NATO airspace in Poland through Belarus, were actually a test of Belarusian civilian and cellular infrastructure for Russian drone strikes.[32] The hacker groups noted that ",
        "url": "https://understandingwar.org/research/russia-ukraine/russian-offensive-campaign-assessment-updates-2/"
      }
    },
    {
      "type": "Feature",
      "geometry": {
        "type": "Point",
        "coordinates": [
          37.9635093,
          48.0448144
        ]
      },
      "properties": {
        "source": "ISW",
        "date": "2026-06-20",
        "title": "ISW UAV/missile",
        "place": "Makiivka",
        "snippet": "Demurchiev\u2019s statements are consistent with ISW\u2019s longstanding assessment that the Russian military command is sanctioning the torture and execution of Ukrainian POWs.[25] Skhemi noted that the leaked messages also contained December 2024 infrared drone footage showing Russian forces murdering Ukrai",
        "url": "https://understandingwar.org/research/russia-ukraine/russian-offensive-campaign-assessment-updates-2/"
      }
    },
    {
      "type": "Feature",
      "geometry": {
        "type": "Point",
        "coordinates": [
          6.1466014,
          46.2017559
        ]
      },
      "properties": {
        "source": "ISW",
        "date": "2026-06-20",
        "title": "ISW UAV/missile",
        "place": "Geneva",
        "snippet": "read the full Feb 18 report Russian Offensive Campaign Assessment, February 17, 2026 Toplines Russian forces conducted another large, combined strike package against Ukrainian energy infrastructure overnight on February 16 to 17 \u2014 the eve of trilateral US-Ukrainian-Russian negotiations in Geneva",
        "url": "https://understandingwar.org/research/russia-ukraine/russian-offensive-campaign-assessment-updates-2/"
      }
    },
    {
      "type": "Feature",
      "geometry": {
        "type": "Point",
        "coordinates": [
          34.8027723,
          50.9119775
        ]
      },
      "properties": {
        "source": "ISW",
        "date": "2026-06-20",
        "title": "ISW UAV/missile",
        "place": "Sumy",
        "snippet": "Ukrainian officials reported that Russian forces struck energy and transport infrastructure in Sumy, Chernihiv, Dnipropetrovsk, Ivano-Frankivsk, Kharkiv, and Odesa oblasts.[2] Russian strikes caused power outages for at least 28,000 consumers in Kharkiv Oblast and tens of thousands of people in Odes",
        "url": "https://understandingwar.org/research/russia-ukraine/russian-offensive-campaign-assessment-updates-2/"
      }
    },
    {
      "type": "Feature",
      "geometry": {
        "type": "Point",
        "coordinates": [
          6.1466014,
          46.2017559
        ]
      },
      "properties": {
        "source": "ISW",
        "date": "2026-06-20",
        "title": "ISW UAV/missile",
        "place": "Geneva",
        "snippet": "Russian forces have consistently launched large strike packages of roughly 400 to 700 drones and missiles in the days right before and after major negotiations in recent months, such as the August 2025 US-Russia Alaska summit, the November 2025 US-Ukraine talks in Geneva, the November 2025 US-Russia",
        "url": "https://understandingwar.org/research/russia-ukraine/russian-offensive-campaign-assessment-updates-2/"
      }
    },
    {
      "type": "Feature",
      "geometry": {
        "type": "Point",
        "coordinates": [
          -77.000684,
          -12.0863298
        ]
      },
      "properties": {
        "source": "ISW",
        "date": "2026-06-20",
        "title": "ISW UAV/missile",
        "place": "January",
        "snippet": "Russian strike packages \u2014 even those below 500 drones and missiles \u2014 have inflicted devastating damage on Ukraine&#8217;s energy and civilian infrastructure.[11] Russian forces have been altering their strike tactics, warheads, and the composition of their strike packages in order to maximize damage",
        "url": "https://understandingwar.org/research/russia-ukraine/russian-offensive-campaign-assessment-updates-2/"
      }
    },
    {
      "type": "Feature",
      "geometry": {
        "type": "Point",
        "coordinates": [
          6.1466014,
          46.2017559
        ]
      },
      "properties": {
        "source": "ISW",
        "date": "2026-06-20",
        "title": "ISW UAV/missile",
        "place": "Geneva",
        "snippet": "Ukraine requires advanced Western-provided air defense systems to down ballistic missiles, forcing Ukraine to husband Western-provided systems and missiles, which remain in very short supply.[15] Kremlin officials and Kremlin-affiliated media sources reaffirmed Russia&#8217;s unwillingness to compro",
        "url": "https://understandingwar.org/research/russia-ukraine/russian-offensive-campaign-assessment-updates-2/"
      }
    },
    {
      "type": "Feature",
      "geometry": {
        "type": "Point",
        "coordinates": [
          24.9438359,
          60.1724381
        ]
      },
      "properties": {
        "source": "ISW",
        "date": "2026-06-20",
        "title": "ISW UAV/missile",
        "place": "Finnish",
        "snippet": "Patrushev&#8217;s complaints are meaningless, as Finnish vessels docked within Finnish waters would inherently be able to strike northwestern Russia given their geographic proximity",
        "url": "https://understandingwar.org/research/russia-ukraine/russian-offensive-campaign-assessment-updates-2/"
      }
    },
    {
      "type": "Feature",
      "geometry": {
        "type": "Point",
        "coordinates": [
          6.1466014,
          46.2017559
        ]
      },
      "properties": {
        "source": "ISW",
        "date": "2026-06-20",
        "title": "ISW UAV/missile",
        "place": "Geneva",
        "snippet": "Patrushev&#8217;s February 17 complaints about Finland are only the latest in a string of Kremlin threats against Finland that aim to set conditions to justify any possible future Russian aggression against NATO.[27] Key Takeaways Russian forces conducted another large, combined strike package again",
        "url": "https://understandingwar.org/research/russia-ukraine/russian-offensive-campaign-assessment-updates-2/"
      }
    },
    {
      "type": "Feature",
      "geometry": {
        "type": "Point",
        "coordinates": [
          120.9933147,
          14.5933141
        ]
      },
      "properties": {
        "source": "ISW",
        "date": "2026-06-20",
        "title": "ISW UAV/missile",
        "place": "Spokesperson",
        "snippet": "Kremlin Spokesperson Dmitry Peskov stated on February 16 that Russian Presidential Aide Vladimir Medinsky will head the Russian delegation at the upcoming trilateral meetings.[1] Peskov noted that the Russian delegation will also include Russian Deputy Foreign Minister Mikhail Galuzin and Russian Ge",
        "url": "https://understandingwar.org/research/russia-ukraine/russian-offensive-campaign-assessment-updates-2/"
      }
    },
    {
      "type": "Feature",
      "geometry": {
        "type": "Point",
        "coordinates": [
          -71.4168183,
          42.4921978
        ]
      },
      "properties": {
        "source": "ISW",
        "date": "2026-06-20",
        "title": "ISW UAV/missile",
        "place": "March-April",
        "snippet": "Ukrainian Defense Council Secretary Rustem Umerov stated on February 14 that Ukraine will raise the issue of another temporary energy strikes ceasefire in the Geneva meetings.[8] Russia has previously used temporary moratoriums on energy strikes in March-April 2025 and in January-February 2026 to st",
        "url": "https://understandingwar.org/research/russia-ukraine/russian-offensive-campaign-assessment-updates-2/"
      }
    },
    {
      "type": "Feature",
      "geometry": {
        "type": "Point",
        "coordinates": [
          31.2718321,
          49.4871968
        ]
      },
      "properties": {
        "source": "ISW",
        "date": "2026-06-20",
        "title": "ISW UAV/missile",
        "place": "Ukraine",
        "snippet": "Ukraine&#8217;s energy grid suffered significant shutdowns during the January-February 2025 strikes moratorium due to the months and years worth of damage the grid had already sustained.[10] Ukrainian President Volodymyr Zelensky reported on February 14 that Russian strikes have damaged every power ",
        "url": "https://understandingwar.org/research/russia-ukraine/russian-offensive-campaign-assessment-updates-2/"
      }
    },
    {
      "type": "Feature",
      "geometry": {
        "type": "Point",
        "coordinates": [
          10.0,
          51.0
        ]
      },
      "properties": {
        "source": "ISW",
        "date": "2026-06-20",
        "title": "ISW UAV/missile",
        "place": "Europe",
        "snippet": "ISW previously observed reports that Russian plans to reorganize the BARS-Sarmat Center and at least five separate Russian Unmanned Systems Forces (USF) regiments into six USF brigades, and the further development and expansion of the center may allow Russia to more quickly disseminate successful dr",
        "url": "https://understandingwar.org/research/russia-ukraine/russian-offensive-campaign-assessment-updates-2/"
      }
    },
    {
      "type": "Feature",
      "geometry": {
        "type": "Point",
        "coordinates": [
          84.936867,
          56.156025
        ]
      },
      "properties": {
        "source": "ISW",
        "date": "2026-06-20",
        "title": "ISW UAV/missile",
        "place": "Yar",
        "snippet": "At least one Ukrainian FP-5 Flamingo cruise missile did not cause damage to Russia&#8217;s Kapustin Yar launch site in Astrakhan Oblast in January 2025",
        "url": "https://understandingwar.org/research/russia-ukraine/russian-offensive-campaign-assessment-updates-2/"
      }
    },
    {
      "type": "Feature",
      "geometry": {
        "type": "Point",
        "coordinates": [
          84.936867,
          56.156025
        ]
      },
      "properties": {
        "source": "ISW",
        "date": "2026-06-20",
        "title": "ISW UAV/missile",
        "place": "Yar",
        "snippet": "A Ukrainian open-source intelligence (OSINT) outlet published on February 16 satellite imagery collected on an unspecified date showing a six-meter crater near the fence of a preparation area at Kapustin Yar.[20] The Ukrainian General Staff reported that Ukrainian forces conducted a strike series th",
        "url": "https://understandingwar.org/research/russia-ukraine/russian-offensive-campaign-assessment-updates-2/"
      }
    },
    {
      "type": "Feature",
      "geometry": {
        "type": "Point",
        "coordinates": [
          84.936867,
          56.156025
        ]
      },
      "properties": {
        "source": "ISW",
        "date": "2026-06-20",
        "title": "ISW UAV/missile",
        "place": "Yar",
        "snippet": "The available satellite imagery is limited in scope, and other Ukrainian missiles may have struck other areas of Kapustin Yar",
        "url": "https://understandingwar.org/research/russia-ukraine/russian-offensive-campaign-assessment-updates-2/"
      }
    },
    {
      "type": "Feature",
      "geometry": {
        "type": "Point",
        "coordinates": [
          6.1466014,
          46.2017559
        ]
      },
      "properties": {
        "source": "ISW",
        "date": "2026-06-20",
        "title": "ISW UAV/missile",
        "place": "Geneva",
        "snippet": "A Russian milblogger claimed on February 16 that Ukrainian forces launched four total Flamingo missiles in the strike package.[22] Key Takeaways Russian officials are unlikely to deviate from their original war demands during the upcoming February 17 to 18 trilateral US-Ukrainian-Russian talks in Ge",
        "url": "https://understandingwar.org/research/russia-ukraine/russian-offensive-campaign-assessment-updates-2/"
      }
    },
    {
      "type": "Feature",
      "geometry": {
        "type": "Point",
        "coordinates": [
          84.936867,
          56.156025
        ]
      },
      "properties": {
        "source": "ISW",
        "date": "2026-06-20",
        "title": "ISW UAV/missile",
        "place": "Yar",
        "snippet": "At least one Ukrainian FP-5 Flamingo cruise missile did not cause damage to Russia&#8217;s Kapustin Yar launch site in Astrakhan Oblast in January 2025.&nbsp; Ukrainian forces recently advanced in the Kostyantynivka-Druzhkivka tactical area",
        "url": "https://understandingwar.org/research/russia-ukraine/russian-offensive-campaign-assessment-updates-2/"
      }
    },
    {
      "type": "Feature",
      "geometry": {
        "type": "Point",
        "coordinates": [
          31.2718321,
          49.4871968
        ]
      },
      "properties": {
        "source": "ISW",
        "date": "2026-06-20",
        "title": "ISW UAV/missile",
        "place": "Ukraine",
        "snippet": "Russian milbloggers framed the test of the Barrage-1 as part of efforts to find an alternative to Starlink after Russian forces in Ukraine recently lost access to the SpaceX system.[27] Russian milbloggers cautioned, however, that Barrage is not a full replacement for Starlink, with one Kremlin-affi",
        "url": "https://understandingwar.org/research/russia-ukraine/russian-offensive-campaign-assessment-updates-2/"
      }
    },
    {
      "type": "Feature",
      "geometry": {
        "type": "Point",
        "coordinates": [
          31.2718321,
          49.4871968
        ]
      },
      "properties": {
        "source": "ISW",
        "date": "2026-06-20",
        "title": "ISW UAV/missile",
        "place": "Ukraine",
        "snippet": "Russian forces have long suffered such a disproportionately high casualty rate, having suffered an average of 83 casualties per square kilometer gained in all of 2025.[12] The Russian rate of advance slowed in late December 2025 and January 2026, but Russian losses did not significantly decrease, sh",
        "url": "https://understandingwar.org/research/russia-ukraine/russian-offensive-campaign-assessment-updates-2/"
      }
    },
    {
      "type": "Feature",
      "geometry": {
        "type": "Point",
        "coordinates": [
          31.2718321,
          49.4871968
        ]
      },
      "properties": {
        "source": "ISW",
        "date": "2026-06-20",
        "title": "ISW UAV/missile",
        "place": "Ukraine",
        "snippet": "The commander of a Ukrainian unmanned systems brigade told BBC Ukrainian Service that Russian forces will likely spend about six months trying to find an alternative to Starlink.[14] The commander noted that Ukraine&#8217;s Unmanned Systems Forces (USF), unlike the Russian Rubikon Center, cannot foc",
        "url": "https://understandingwar.org/research/russia-ukraine/russian-offensive-campaign-assessment-updates-2/"
      }
    },
    {
      "type": "Feature",
      "geometry": {
        "type": "Point",
        "coordinates": [
          31.2718321,
          49.4871968
        ]
      },
      "properties": {
        "source": "ISW",
        "date": "2026-06-20",
        "title": "ISW UAV/missile",
        "place": "Ukraine",
        "snippet": "Ukraine\u2019s and SpaceX\u2019s efforts to shut off Russian forces&#8217; access to Starlink terminals in Ukraine are reportedly disrupting Russian Rubikon Center for Advanced Unmanned Technologies\u2019 short- and mid-range drone strikes in the immediate term, as ISW recently forecasted",
        "url": "https://understandingwar.org/research/russia-ukraine/russian-offensive-campaign-assessment-updates-2/"
      }
    },
    {
      "type": "Feature",
      "geometry": {
        "type": "Point",
        "coordinates": [
          -88.0169936,
          30.6821397
        ]
      },
      "properties": {
        "source": "ISW",
        "date": "2026-06-20",
        "title": "ISW UAV/missile",
        "place": "Missile",
        "snippet": "The Ukrainian General Staff reported that Ukrainian forces conducted a FP-5 Flamingo strike on an arsenal of the Russian Main Missile and Artillery Directorate (GRAU) near Kotluban, Volgograd Oblast (roughly 320 kilometers from the international border).[16] The Ukrainian General Staff reported that",
        "url": "https://understandingwar.org/research/russia-ukraine/russian-offensive-campaign-assessment-updates-2/"
      }
    },
    {
      "type": "Feature",
      "geometry": {
        "type": "Point",
        "coordinates": [
          44.2305035,
          49.0195317
        ]
      },
      "properties": {
        "source": "ISW",
        "date": "2026-06-20",
        "title": "ISW UAV/missile",
        "place": "Kotluban",
        "snippet": "Geolocated footage published on February 12 shows fires and secondary detonations near the Kotluban GRAU arsenal.[17] Volgograd Oblast Governor Andrei Bocharov acknowledged that Ukrainian strikes caused a fire at a Russian Ministry of Defense (MoD) facility near Kotluban, likely in reference to the ",
        "url": "https://understandingwar.org/research/russia-ukraine/russian-offensive-campaign-assessment-updates-2/"
      }
    },
    {
      "type": "Feature",
      "geometry": {
        "type": "Point",
        "coordinates": [
          40.5071721,
          52.8946613
        ]
      },
      "properties": {
        "source": "ISW",
        "date": "2026-06-20",
        "title": "ISW UAV/missile",
        "place": "Michurinsk",
        "snippet": "Geolocated footage published on February 12 shows smoke plumes at the Ukhta Oil Refinery.[20] The Ukrainian General Staff reported that Ukrainian forces also struck the Michurinsk Progress Plant, which produces advanced equipment for aviation and missile control systems, in Michurinsk, Tambov Oblast",
        "url": "https://understandingwar.org/research/russia-ukraine/russian-offensive-campaign-assessment-updates-2/"
      }
    },
    {
      "type": "Feature",
      "geometry": {
        "type": "Point",
        "coordinates": [
          31.2718321,
          49.4871968
        ]
      },
      "properties": {
        "source": "ISW",
        "date": "2026-06-20",
        "title": "ISW UAV/missile",
        "place": "Ukraine",
        "snippet": "The open-source project Conflict Intelligence Team (CIT) reported on February 9 that the Russians caused conflict-related violence in Ukraine, including in occupied areas, killed at least 2,919 civilians, and injured 17,775 in 2025 \u2014 increases of 12 percent and 25 percent, respectively, from 2024.[2",
        "url": "https://understandingwar.org/research/russia-ukraine/russian-offensive-campaign-assessment-updates-2/"
      }
    },
    {
      "type": "Feature",
      "geometry": {
        "type": "Point",
        "coordinates": [
          31.2718321,
          49.4871968
        ]
      },
      "properties": {
        "source": "ISW",
        "date": "2026-06-20",
        "title": "ISW UAV/missile",
        "place": "Ukraine",
        "snippet": "These numbers are consistent with findings from the UN Human Rights Monitoring Mission in Ukraine (HRMMU) and a reported European government assessment of 2025 civilian casualties from January 12.[25] The UN HRMMU noted that Russian strikes against Ukrainian-controlled areas caused 97 percent of the",
        "url": "https://understandingwar.org/research/russia-ukraine/russian-offensive-campaign-assessment-updates-2/"
      }
    },
    {
      "type": "Feature",
      "geometry": {
        "type": "Point",
        "coordinates": [
          33.4079326,
          46.5421715
        ]
      },
      "properties": {
        "source": "ISW",
        "date": "2026-06-20",
        "title": "ISW UAV/missile",
        "place": "Kherson",
        "snippet": "The CIT noted that Russian strikes inflicted the highest civilian casualties in Kherson Oblast, killing 359 civilians and injuring 2,903 in 2025 \u2014 an increase of 24 percent and 35 percent from 2024, respectively",
        "url": "https://understandingwar.org/research/russia-ukraine/russian-offensive-campaign-assessment-updates-2/"
      }
    },
    {
      "type": "Feature",
      "geometry": {
        "type": "Point",
        "coordinates": [
          33.4079326,
          46.5421715
        ]
      },
      "properties": {
        "source": "ISW",
        "date": "2026-06-20",
        "title": "ISW UAV/missile",
        "place": "Kherson",
        "snippet": "Russian forces pervasively employ &#8220;human safari\u201d tactics in Kherson Oblast using tactical drones, especially first-person view (FPV) drones, to strike civilians and civilian infrastructure.[26] Russian forces have also integrated intentional civilian harm into their wider operation battlefield",
        "url": "https://understandingwar.org/research/russia-ukraine/russian-offensive-campaign-assessment-updates-2/"
      }
    },
    {
      "type": "Feature",
      "geometry": {
        "type": "Point",
        "coordinates": [
          -10.3861876,
          6.2024557
        ]
      },
      "properties": {
        "source": "ISW",
        "date": "2026-06-20",
        "title": "ISW UAV/missile",
        "place": "December",
        "snippet": "The Kremlin, however, explicitly rejected in December 2025 the proposal to establish a demilitarized zone in Donetsk Oblast.[10] Zelensky also stated that Ukraine has not received an answer from Russia about a US proposal to renew the moratorium on energy infrastructure strikes.[11] Russian milblogg",
        "url": "https://understandingwar.org/research/russia-ukraine/russian-offensive-campaign-assessment-updates-2/"
      }
    },
    {
      "type": "Feature",
      "geometry": {
        "type": "Point",
        "coordinates": [
          31.2718321,
          49.4871968
        ]
      },
      "properties": {
        "source": "ISW",
        "date": "2026-06-20",
        "title": "ISW UAV/missile",
        "place": "Ukraine",
        "snippet": "Telegram slowdowns could exacerbate C2 issues Russian forces are reportedly facing after SpaceX shut down Russian Starlink terminals operating in Ukraine as of February 1.[13] Russian strikes and assaults have not stopped entirely since the shutdown of Starlink and throttling of Telegram, however, a",
        "url": "https://understandingwar.org/research/russia-ukraine/russian-offensive-campaign-assessment-updates-2/"
      }
    },
    {
      "type": "Feature",
      "geometry": {
        "type": "Point",
        "coordinates": [
          -10.3861876,
          6.2024557
        ]
      },
      "properties": {
        "source": "ISW",
        "date": "2026-06-20",
        "title": "ISW UAV/missile",
        "place": "December",
        "snippet": "Sydorivka is just east of Komarivka, a previously dormant area of the front where Russian forces launched cross-border attacks in December 2025.[3] A Russian milblogger reportedly affiliated with the Russian Northern Grouping of Forces claimed that the Russian military command plans to create more t",
        "url": "https://understandingwar.org/research/russia-ukraine/russian-offensive-campaign-assessment-updates-2/"
      }
    },
    {
      "type": "Feature",
      "geometry": {
        "type": "Point",
        "coordinates": [
          31.2718321,
          49.4871968
        ]
      },
      "properties": {
        "source": "ISW",
        "date": "2026-06-20",
        "title": "ISW UAV/missile",
        "place": "Ukraine",
        "snippet": "The milblogger claimed that Russian forces are conducting all communications &#8220;on the ground.&#8221; Russian milbloggers have been complaining about issues with Russian ground operations and tactical strikes since SpaceX worked with Ukrainian officials to shut down Russian troops&#8217; access ",
        "url": "https://understandingwar.org/research/russia-ukraine/russian-offensive-campaign-assessment-updates-2/"
      }
    },
    {
      "type": "Feature",
      "geometry": {
        "type": "Point",
        "coordinates": [
          10.4478313,
          51.1638175
        ]
      },
      "properties": {
        "source": "ISW",
        "date": "2026-06-20",
        "title": "ISW UAV/missile",
        "place": "Germany",
        "snippet": "Ukrainian President Volodymyr Zelensky stated on February 8 that Ukraine is opening its military exports and will open 10 export centers in northern European states and the Baltic states in 2026.[17] Zelensky did not specify which weapons Ukraine will export, but stated that Ukraine will start to jo",
        "url": "https://understandingwar.org/research/russia-ukraine/russian-offensive-campaign-assessment-updates-2/"
      }
    },
    {
      "type": "Feature",
      "geometry": {
        "type": "Point",
        "coordinates": [
          -77.000684,
          -12.0863298
        ]
      },
      "properties": {
        "source": "ISW",
        "date": "2026-06-20",
        "title": "ISW UAV/missile",
        "place": "January",
        "snippet": "The Ukrainian General Staff confirmed that Ukrainian missile strikes in January 2026 damaged parts of Russia&#8217;s Kapustin Yar launch site",
        "url": "https://understandingwar.org/research/russia-ukraine/russian-offensive-campaign-assessment-updates-2/"
      }
    },
    {
      "type": "Feature",
      "geometry": {
        "type": "Point",
        "coordinates": [
          84.936867,
          56.156025
        ]
      },
      "properties": {
        "source": "ISW",
        "date": "2026-06-20",
        "title": "ISW UAV/missile",
        "place": "Yar",
        "snippet": "The Ukrainian General Staff reported on February 8 that previous Ukrainian strikes against the Kapustin Yar launch site in Astrakhan Oblast damaged a technical facility that serviced intermediate-range ballistic missiles, an assembly building, and a logistics warehouse.[19] The Ukrainian General Sta",
        "url": "https://understandingwar.org/research/russia-ukraine/russian-offensive-campaign-assessment-updates-2/"
      }
    },
    {
      "type": "Feature",
      "geometry": {
        "type": "Point",
        "coordinates": [
          -77.000684,
          -12.0863298
        ]
      },
      "properties": {
        "source": "ISW",
        "date": "2026-06-20",
        "title": "ISW UAV/missile",
        "place": "January",
        "snippet": "The Ukrainian General Staff confirmed that Ukrainian missile strikes in January 2026 damaged parts of Russia&#8217;s Kapustin Yar launch site",
        "url": "https://understandingwar.org/research/russia-ukraine/russian-offensive-campaign-assessment-updates-2/"
      }
    },
    {
      "type": "Feature",
      "geometry": {
        "type": "Point",
        "coordinates": [
          24.6627893,
          51.5451167
        ]
      },
      "properties": {
        "source": "ISW",
        "date": "2026-06-20",
        "title": "ISW UAV/missile",
        "place": "Volyn",
        "snippet": "Ukrainian officials reported that drones and missiles struck energy infrastructure, including thermal power plants (TPPs) and substations, in Volyn, Lviv, Ivano-Frankivsk, Rivne, and Vinnytsia oblasts.[2] Ukrainian Minister of Energy Denys Shmyhal reported that Russian forces struck the 750 kV and 3",
        "url": "https://understandingwar.org/research/russia-ukraine/russian-offensive-campaign-assessment-updates-2/"
      }
    },
    {
      "type": "Feature",
      "geometry": {
        "type": "Point",
        "coordinates": [
          37.6141992,
          49.7132963
        ]
      },
      "properties": {
        "source": "ISW",
        "date": "2026-06-20",
        "title": "ISW UAV/missile",
        "place": "Kupyansk",
        "snippet": "Russian forces have been conducting strikes in the Slovyansk and Hulyaipole (northeast of Orikhiv) directions, particularly against Ukrainian ground lines of communication (GLOCs) that supply forward positions, in order to generate battlefield air interdiction (BAI) effects and degrade Ukrainian def",
        "url": "https://understandingwar.org/research/russia-ukraine/russian-offensive-campaign-assessment-updates-2/"
      }
    },
    {
      "type": "Feature",
      "geometry": {
        "type": "Point",
        "coordinates": [
          -10.3861876,
          6.2024557
        ]
      },
      "properties": {
        "source": "ISW",
        "date": "2026-06-20",
        "title": "ISW UAV/missile",
        "place": "December",
        "snippet": "Russian forces seized Siversk in December 2025 and are still roughly 23 kilometers from Slovyansk.[9] Russian forces have also been unable to make significant progress fighting through Kostyantynivka (south of Slovyansk), where Russian forces are mostly relying on small group infiltration missions.[",
        "url": "https://understandingwar.org/research/russia-ukraine/russian-offensive-campaign-assessment-updates-2/"
      }
    },
    {
      "type": "Feature",
      "geometry": {
        "type": "Point",
        "coordinates": [
          31.2718321,
          49.4871968
        ]
      },
      "properties": {
        "source": "ISW",
        "date": "2026-06-20",
        "title": "ISW UAV/missile",
        "place": "Ukraine",
        "snippet": "SpaceX&#8217;s block on unregistered Starlink terminal operations in Ukraine is reportedly hindering Russian ground operations and tactical strikes",
        "url": "https://understandingwar.org/research/russia-ukraine/russian-offensive-campaign-assessment-updates-2/"
      }
    },
    {
      "type": "Feature",
      "geometry": {
        "type": "Point",
        "coordinates": [
          31.2718321,
          49.4871968
        ]
      },
      "properties": {
        "source": "ISW",
        "date": "2026-06-20",
        "title": "ISW UAV/missile",
        "place": "Ukraine",
        "snippet": "SpaceX&#8217;s block on unregistered Starlink terminal operations in Ukraine is reportedly hindering Russian ground operations and tactical strikes",
        "url": "https://understandingwar.org/research/russia-ukraine/russian-offensive-campaign-assessment-updates-2/"
      }
    },
    {
      "type": "Feature",
      "geometry": {
        "type": "Point",
        "coordinates": [
          17.3094202,
          49.3597062
        ]
      },
      "properties": {
        "source": "ISW",
        "date": "2026-06-20",
        "title": "ISW UAV/missile",
        "place": "March",
        "snippet": "Lavrov responded in the RT interview to a question about damage to Ukraine&#8217;s energy grid, claiming that &#8220;everyone forgets&#8221; previous examples of Russia&#8217;s alleged &#8220;goodwill.&#8221;[14] Lavrov claimed that one example of this goodwill was Russian President Vladimir Putin&#",
        "url": "https://understandingwar.org/research/russia-ukraine/russian-offensive-campaign-assessment-updates-2/"
      }
    },
    {
      "type": "Feature",
      "geometry": {
        "type": "Point",
        "coordinates": [
          80.1528611,
          13.1140244
        ]
      },
      "properties": {
        "source": "ISW",
        "date": "2026-06-20",
        "title": "ISW UAV/missile",
        "place": "Abu",
        "snippet": "Ukraine and the United States proposed the moratorium in late March 2025, but the exact parameters of the ceasefire, including agreements on the list of objects covered or the types of strikes prohibited, were never publicly clear or finalized.[15] Russian forces exploited the lack of clarity to con",
        "url": "https://understandingwar.org/research/russia-ukraine/russian-offensive-campaign-assessment-updates-2/"
      }
    },
    {
      "type": "Feature",
      "geometry": {
        "type": "Point",
        "coordinates": [
          84.936867,
          56.156025
        ]
      },
      "properties": {
        "source": "ISW",
        "date": "2026-06-20",
        "title": "ISW UAV/missile",
        "place": "Yar",
        "snippet": "The Kremlin has also been using New START&#8217;s expiration to push the United States to give in to Russia&#8217;s demands on Ukraine in exchange for renewed strategic arms talks.[33] Ukrainian forces recently conducted FP-5 Flamingo cruise missile strikes against the Kapustin Yar launch site in As",
        "url": "https://understandingwar.org/research/russia-ukraine/russian-offensive-campaign-assessment-updates-2/"
      }
    },
    {
      "type": "Feature",
      "geometry": {
        "type": "Point",
        "coordinates": [
          84.936867,
          56.156025
        ]
      },
      "properties": {
        "source": "ISW",
        "date": "2026-06-20",
        "title": "ISW UAV/missile",
        "place": "Yar",
        "snippet": "The Ukrainian General Staff reported on February 5 that Ukrainian forces conducted a series of strikes against the Kapustin Yar site (approximately 430 kilometers from the Ukrainian-Russian international border) with Ukrainian-produced long-range weapons, including Flamingo missiles, in January 2026",
        "url": "https://understandingwar.org/research/russia-ukraine/russian-offensive-campaign-assessment-updates-2/"
      }
    },
    {
      "type": "Feature",
      "geometry": {
        "type": "Point",
        "coordinates": [
          84.936867,
          56.156025
        ]
      },
      "properties": {
        "source": "ISW",
        "date": "2026-06-20",
        "title": "ISW UAV/missile",
        "place": "Yar",
        "snippet": "Denys Shtilierman, the co-owner and chief designer of Ukraine\u2019s Fire Point defense industrial company that produces the Flamingo missiles, posted footage on February 5 reportedly showing recent Flamingo missile launches, including against Kapustin Yar.[35] Russian forces launched their November 2024",
        "url": "https://understandingwar.org/research/russia-ukraine/russian-offensive-campaign-assessment-updates-2/"
      }
    },
    {
      "type": "Feature",
      "geometry": {
        "type": "Point",
        "coordinates": [
          34.9501715,
          48.662589
        ]
      },
      "properties": {
        "source": "ISW",
        "date": "2026-06-20",
        "title": "ISW UAV/missile",
        "place": "Dnipropetrovsk",
        "snippet": "Russian forces have recently used Starlink-enabled drones to conduct real time targeting and extend the ranges on drones for strikes against moving targets like trains and against Ukrainian vehicles along the E-50 Pokrovsk-Pavlohrad highway in Dnipropetrovsk Oblast.[40] Russian forces will likely st",
        "url": "https://understandingwar.org/research/russia-ukraine/russian-offensive-campaign-assessment-updates-2/"
      }
    },
    {
      "type": "Feature",
      "geometry": {
        "type": "Point",
        "coordinates": [
          84.936867,
          56.156025
        ]
      },
      "properties": {
        "source": "ISW",
        "date": "2026-06-20",
        "title": "ISW UAV/missile",
        "place": "Yar",
        "snippet": "Ukrainian forces recently conducted FP-5 Flamingo cruise missile strikes against the Kapustin Yar launch site in Astrakhan Oblast",
        "url": "https://understandingwar.org/research/russia-ukraine/russian-offensive-campaign-assessment-updates-2/"
      }
    },
    {
      "type": "Feature",
      "geometry": {
        "type": "Point",
        "coordinates": [
          129.1540617,
          61.48327
        ]
      },
      "properties": {
        "source": "ISW",
        "date": "2026-06-20",
        "title": "ISW UAV/missile",
        "place": "Pokrovsk",
        "snippet": "The spokesperson of another Ukrainian brigade operating in the Kostyantynivka-Druzhkivka tactical area reported on January 8 that Russian drone ranges significantly increased in 2025, making it difficult for Ukrainian forces to travel into Kostyantynivka.[14] Russian forces began infiltration missio",
        "url": "https://understandingwar.org/research/russia-ukraine/russian-offensive-campaign-assessment-updates-2/"
      }
    },
    {
      "type": "Feature",
      "geometry": {
        "type": "Point",
        "coordinates": [
          31.2718321,
          49.4871968
        ]
      },
      "properties": {
        "source": "ISW",
        "date": "2026-06-20",
        "title": "ISW UAV/missile",
        "place": "Ukraine",
        "snippet": "Russian forces also targeted Ukrainian drone operators to create exploitable gaps in Ukraine&#8217;s &#8220;wall of drones&#8221; defensive line.[16] Russian forces spent months conducting BAI campaigns to set conditions for intensified offensive operations in the Pokrovsk and Hulyaipole directions,",
        "url": "https://understandingwar.org/research/russia-ukraine/russian-offensive-campaign-assessment-updates-2/"
      }
    },
    {
      "type": "Feature",
      "geometry": {
        "type": "Point",
        "coordinates": [
          30.5241361,
          50.4500336
        ]
      },
      "properties": {
        "source": "ISW",
        "date": "2026-06-20",
        "title": "ISW UAV/missile",
        "place": "Kyiv",
        "snippet": "Ukrainian officials reported that the drones and missiles struck energy infrastructure in Kyiv, Kharkiv, Dnipropetrovsk, Vinnytsia, and Odesa oblasts.[2] Ukrainian sources reported that Russian forces struck combined heat and power plants (CHPP) and substations in Kyiv City and caused complete heat ",
        "url": "https://understandingwar.org/research/russia-ukraine/russian-offensive-campaign-assessment-updates-2/"
      }
    },
    {
      "type": "Feature",
      "geometry": {
        "type": "Point",
        "coordinates": [
          80.1528611,
          13.1140244
        ]
      },
      "properties": {
        "source": "ISW",
        "date": "2026-06-20",
        "title": "ISW UAV/missile",
        "place": "Abu",
        "snippet": "Ukrainian President Volodymyr Zelensky stated that Russian forces used a strike package that was 1.5 times larger than the strike packages Russian forces launched before the trilateral US-Ukrainian-Russian talks in Abu Dhabi on January 23-24.[7] Ukrainian Air Force Spokesperson Colonel Yuriy Ihnat a",
        "url": "https://understandingwar.org/research/russia-ukraine/russian-offensive-campaign-assessment-updates-2/"
      }
    },
    {
      "type": "Feature",
      "geometry": {
        "type": "Point",
        "coordinates": [
          31.2718321,
          49.4871968
        ]
      },
      "properties": {
        "source": "ISW",
        "date": "2026-06-20",
        "title": "ISW UAV/missile",
        "place": "Ukraine",
        "snippet": "Ukrainian Ministry of Defense (MoD) advisor on defense technology and drone and electronic warfare (EW) expert Serhiy \u201cFlash\u201d Beskrestnov reported on February 3 that Russian forces used a Gerbera drone as a mothership drone to carry a first-person view (FPV) drone for the first time, presumably in U",
        "url": "https://understandingwar.org/research/russia-ukraine/russian-offensive-campaign-assessment-updates-2/"
      }
    },
    {
      "type": "Feature",
      "geometry": {
        "type": "Point",
        "coordinates": [
          20.8804028,
          53.0190219
        ]
      },
      "properties": {
        "source": "ISW",
        "date": "2026-06-20",
        "title": "ISW UAV/missile",
        "place": "Przasnysz",
        "snippet": "Polish Radio ZET reported on February 2 that an unidentified drone crashed near an ammunition depot at Poland\u2019s 2nd Radioelectronic Center in Przasnysz (north of Warsaw) on January 28.[52] The 2nd Radioelectronic Center supports reconnaissance and EW missions and monitors the radio space in northeas",
        "url": "https://understandingwar.org/research/russia-ukraine/russian-offensive-campaign-assessment-updates-2/"
      }
    },
    {
      "type": "Feature",
      "geometry": {
        "type": "Point",
        "coordinates": [
          -99.8581638,
          43.9176386
        ]
      },
      "properties": {
        "source": "ISW",
        "date": "2026-06-20",
        "title": "ISW UAV/missile",
        "place": "Lyman",
        "snippet": "Russian forces in the Lyman direction have been attempting to use Russia\u2019s new offensive campaign design, which consists of an initial monthslong effort to degrade Ukrainian defenses and logistics to forward positions ahead of ground operations.[22] Russian forces were able to employ this new campai",
        "url": "https://understandingwar.org/research/russia-ukraine/russian-offensive-campaign-assessment-updates-2/"
      }
    },
    {
      "type": "Feature",
      "geometry": {
        "type": "Point",
        "coordinates": [
          31.2718321,
          49.4871968
        ]
      },
      "properties": {
        "source": "ISW",
        "date": "2026-06-20",
        "title": "ISW UAV/missile",
        "place": "Ukraine",
        "snippet": "Ukrainian Defense Minister Mykhailo Fedorov reported on February 2 that the Ukrainian government adopted a resolution to only allow officially registered and verified Starlink terminals to operate in Ukraine and to disconnect all other terminals.[27] Fedorov stated that Russian drones equipped with ",
        "url": "https://understandingwar.org/research/russia-ukraine/russian-offensive-campaign-assessment-updates-2/"
      }
    },
    {
      "type": "Feature",
      "geometry": {
        "type": "Point",
        "coordinates": [
          31.2718321,
          49.4871968
        ]
      },
      "properties": {
        "source": "ISW",
        "date": "2026-06-20",
        "title": "ISW UAV/missile",
        "place": "Ukraine",
        "snippet": "The Ukrainian government is working with SpaceX to prohibit all non-registered Starlink satellite terminals from operating in Ukraine as part of joint efforts to counter Russia\u2019s use of Starlink to operate drones in Ukraine",
        "url": "https://understandingwar.org/research/russia-ukraine/russian-offensive-campaign-assessment-updates-2/"
      }
    },
    {
      "type": "Feature",
      "geometry": {
        "type": "Point",
        "coordinates": [
          35.1182867,
          47.8507859
        ]
      },
      "properties": {
        "source": "ISW",
        "date": "2026-06-20",
        "title": "ISW UAV/missile",
        "place": "Zaporizhzhia",
        "snippet": "Ukrainian officials reported that Russian forces struck a maternity hospital in Zaporizhzhia City with unspecified drones during the day on February 1, starting a fire in the gynecological department&#8217;s reception area and injuring at least six people.[1] Ukrainian officials reported that Russia",
        "url": "https://understandingwar.org/research/russia-ukraine/russian-offensive-campaign-assessment-updates-2/"
      }
    },
    {
      "type": "Feature",
      "geometry": {
        "type": "Point",
        "coordinates": [
          31.2718321,
          49.4871968
        ]
      },
      "properties": {
        "source": "ISW",
        "date": "2026-06-20",
        "title": "ISW UAV/missile",
        "place": "Ukraine",
        "snippet": "ISW continues to assess that ceding the rest of Donetsk Oblast to Russia would be a strategic mistake, as Russia is unlikely to seize this territory quickly or easily but would then be in a more advantageous position to renew attacks against Ukraine in the future.[12] SpaceX CEO Elon Musk restricted",
        "url": "https://understandingwar.org/research/russia-ukraine/russian-offensive-campaign-assessment-updates-2/"
      }
    },
    {
      "type": "Feature",
      "geometry": {
        "type": "Point",
        "coordinates": [
          32.6060423,
          0.3132141
        ]
      },
      "properties": {
        "source": "ISW",
        "date": "2026-06-20",
        "title": "ISW UAV/missile",
        "place": "Lower",
        "snippet": "German outlet Bild reported on February 1 that roughly 23 drones flew above the Immelmann military airfield in Lower Saxony, Germany on February 1.[28] German authorities have not identified the actor responsible for the drone overflights as of this writing",
        "url": "https://understandingwar.org/research/russia-ukraine/russian-offensive-campaign-assessment-updates-2/"
      }
    },
    {
      "type": "Feature",
      "geometry": {
        "type": "Point",
        "coordinates": [
          31.2718321,
          49.4871968
        ]
      },
      "properties": {
        "source": "ISW",
        "date": "2026-06-20",
        "title": "ISW UAV/missile",
        "place": "Ukraine",
        "snippet": "SpaceX CEO Elon Musk restricted Starlink satellite terminals operating in Ukraine in order to counter Russia&#8217;s use of Starlink on drones",
        "url": "https://understandingwar.org/research/russia-ukraine/russian-offensive-campaign-assessment-updates-2/"
      }
    },
    {
      "type": "Feature",
      "geometry": {
        "type": "Point",
        "coordinates": [
          30.5241361,
          50.4500336
        ]
      },
      "properties": {
        "source": "ISW",
        "date": "2026-06-20",
        "title": "ISW UAV/missile",
        "place": "Kyiv",
        "snippet": "Ukrainian Energy Minister Denys Shmyhal reported on January 31 that the cause of the shutdown was an unspecified technological disruption, not a Russian strike.[1] The Ukrainian Ministry of Finance stated that a cyberattack did not cause the outages.[2] The Moldovan Energy Ministry stated that &#822",
        "url": "https://understandingwar.org/research/russia-ukraine/russian-offensive-campaign-assessment-updates-2/"
      }
    },
    {
      "type": "Feature",
      "geometry": {
        "type": "Point",
        "coordinates": [
          30.5241361,
          50.4500336
        ]
      },
      "properties": {
        "source": "ISW",
        "date": "2026-06-20",
        "title": "ISW UAV/missile",
        "place": "Kyiv",
        "snippet": "Shmyhal reported that Ukrainian authorities restored power to critical infrastructure in Kyiv City and Kyiv and Dnipropetrovsk oblasts by 1400 local time and were working to restore power to civilian consumers in Kharkiv, Zhytomyr, and Odesa oblasts.[5] Russian strikes did not directly cause the lar",
        "url": "https://understandingwar.org/research/russia-ukraine/russian-offensive-campaign-assessment-updates-2/"
      }
    },
    {
      "type": "Feature",
      "geometry": {
        "type": "Point",
        "coordinates": [
          31.2718321,
          49.4871968
        ]
      },
      "properties": {
        "source": "ISW",
        "date": "2026-06-20",
        "title": "ISW UAV/missile",
        "place": "Ukraine",
        "snippet": "Shmyhal notably reported on January 16 that Russian forces have struck every power plant in Ukraine since February 2022.[6] The Kremlin agreed to a week-long moratorium on strikes against some Ukrainian energy infrastructure on January 29 only after inflicting severe damage to Ukraine\u2019s national ene",
        "url": "https://understandingwar.org/research/russia-ukraine/russian-offensive-campaign-assessment-updates-2/"
      }
    },
    {
      "type": "Feature",
      "geometry": {
        "type": "Point",
        "coordinates": [
          120.9933147,
          14.5933141
        ]
      },
      "properties": {
        "source": "ISW",
        "date": "2026-06-20",
        "title": "ISW UAV/missile",
        "place": "Spokesperson",
        "snippet": "Kremlin Spokesperson Dmitry Peskov acknowledged on January 30 that Trump made a \u201cpersonal request\u201d to Russian President Vladimir Putin to refrain from striking Kyiv until February 1 and confirmed that the Kremlin agreed to Trump&#8217;s request.[4] Ukrainian President Volodymyr Zelensky reported on ",
        "url": "https://understandingwar.org/research/russia-ukraine/russian-offensive-campaign-assessment-updates-2/"
      }
    },
    {
      "type": "Feature",
      "geometry": {
        "type": "Point",
        "coordinates": [
          31.2718321,
          49.4871968
        ]
      },
      "properties": {
        "source": "ISW",
        "date": "2026-06-20",
        "title": "ISW UAV/missile",
        "place": "Ukraine",
        "snippet": "Chechen Republic Head Ramzan Kadyrov asserted on January 29 that the Kremlin should not negotiate with Ukraine and should instead continue the war.[7] The Russian Federation Council and State Duma deputies, who often act as bullhorns for the Kremlin\u2019s rhetorical lines, also reiterated the Kremlin\u2019s ",
        "url": "https://understandingwar.org/research/russia-ukraine/russian-offensive-campaign-assessment-updates-2/"
      }
    },
    {
      "type": "Feature",
      "geometry": {
        "type": "Point",
        "coordinates": [
          120.9933147,
          14.5933141
        ]
      },
      "properties": {
        "source": "ISW",
        "date": "2026-06-20",
        "title": "ISW UAV/missile",
        "place": "Spokesperson",
        "snippet": "Kremlin Spokesperson Dmitry Peskov refused to comment on initial reports of an alleged agreement with Ukraine regarding a moratorium on long-range strikes against energy infrastructure.[13] Russian Foreign Minister Sergei Lavrov also reiterated on January 29 that a long-term ceasefire of 60 or more ",
        "url": "https://understandingwar.org/research/russia-ukraine/russian-offensive-campaign-assessment-updates-2/"
      }
    },
    {
      "type": "Feature",
      "geometry": {
        "type": "Point",
        "coordinates": [
          80.1528611,
          13.1140244
        ]
      },
      "properties": {
        "source": "ISW",
        "date": "2026-06-20",
        "title": "ISW UAV/missile",
        "place": "Abu",
        "snippet": "Russian forces will be able to amass drone and missile stockpiles that it can use to launch large, combined strikes in the future, while Ukraine ceases its strikes against Russian energy infrastructure.[17] The Kremlin has previously offered short-term ceasefires as part of a cognitive warfare effor",
        "url": "https://understandingwar.org/research/russia-ukraine/russian-offensive-campaign-assessment-updates-2/"
      }
    },
    {
      "type": "Feature",
      "geometry": {
        "type": "Point",
        "coordinates": [
          31.2718321,
          49.4871968
        ]
      },
      "properties": {
        "source": "ISW",
        "date": "2026-06-20",
        "title": "ISW UAV/missile",
        "place": "Ukraine",
        "snippet": "Other Russian milbloggers also criticized the strikes moratorium and expressed relief that the moratorium is so short, so Russia can continue to pressure Ukraine through its strike on energy infrastructure.[20] Another milblogger asserted that Russia&#8217;s war in Ukraine is part of a larger war an",
        "url": "https://understandingwar.org/research/russia-ukraine/russian-offensive-campaign-assessment-updates-2/"
      }
    },
    {
      "type": "Feature",
      "geometry": {
        "type": "Point",
        "coordinates": [
          31.2718321,
          49.4871968
        ]
      },
      "properties": {
        "source": "ISW",
        "date": "2026-06-20",
        "title": "ISW UAV/missile",
        "place": "Ukraine",
        "snippet": "Ukrainian Ministry of Defense (MoD) advisor on defense technology and drone and electronic warfare (EW) expert Serhiy \u201cFlash\u201d Beskrestnov reported on January 29 that Russian forces have recently begun conducting several Molniya fixed-wing first-person view (FPV) drone strikes per day against Ukraini",
        "url": "https://understandingwar.org/research/russia-ukraine/russian-offensive-campaign-assessment-updates-2/"
      }
    },
    {
      "type": "Feature",
      "geometry": {
        "type": "Point",
        "coordinates": [
          -10.3861876,
          6.2024557
        ]
      },
      "properties": {
        "source": "ISW",
        "date": "2026-06-20",
        "title": "ISW UAV/missile",
        "place": "December",
        "snippet": "T-Invariant reported that the Russian MoD began recruiting USF drone operators at Russian universities in December 2025 by offering salaries of 5.2 to 5.5 million rubles (about $69,103 to 73,090) per year and promises to place the students about 20 kilometers behind the frontlines",
        "url": "https://understandingwar.org/research/russia-ukraine/russian-offensive-campaign-assessment-updates-2/"
      }
    },
    {
      "type": "Feature",
      "geometry": {
        "type": "Point",
        "coordinates": [
          22.750779,
          48.4197875
        ]
      },
      "properties": {
        "source": "ISW",
        "date": "2026-06-20",
        "title": "ISW UAV/missile",
        "place": "Velyka",
        "snippet": "The Ukrainian General Staff reported that Ukrainian forces struck military assets in the Russian near rear, including a manpower concentration and drone control point near Velyka Novosilka, Donetsk Oblast (roughly 23 kilometers from the front line); a manpower concentration near Hryhorivka, Donetsk ",
        "url": "https://understandingwar.org/research/russia-ukraine/russian-offensive-campaign-assessment-updates-2/"
      }
    },
    {
      "type": "Feature",
      "geometry": {
        "type": "Point",
        "coordinates": [
          11.5325232,
          47.5693317
        ]
      },
      "properties": {
        "source": "ISW",
        "date": "2026-06-20",
        "title": "ISW UAV/missile",
        "place": "Fall",
        "snippet": "Ukrainian forces began increasing their mid-range strike campaign in late December 2025 and are undertaking their own battlefield air interdiction (BAI) campaign to parallel Russia&#8217;s BAI campaign that enabled Russian advances in Fall 2025.[4] Ukrainian forces likely seek to use their mid-range",
        "url": "https://understandingwar.org/research/russia-ukraine/russian-offensive-campaign-assessment-updates-2/"
      }
    },
    {
      "type": "Feature",
      "geometry": {
        "type": "Point",
        "coordinates": [
          36.2310146,
          49.9923181
        ]
      },
      "properties": {
        "source": "ISW",
        "date": "2026-06-20",
        "title": "ISW UAV/missile",
        "place": "Kharkiv",
        "snippet": "Russian forces conducted a Shahed drone strike against a civilian passenger train in Kharkiv Oblast on January 27, killing at least five people",
        "url": "https://understandingwar.org/research/russia-ukraine/russian-offensive-campaign-assessment-updates-2/"
      }
    },
    {
      "type": "Feature",
      "geometry": {
        "type": "Point",
        "coordinates": [
          37.025111,
          48.9035037
        ]
      },
      "properties": {
        "source": "ISW",
        "date": "2026-06-20",
        "title": "ISW UAV/missile",
        "place": "Barvinkove",
        "snippet": "Ukrainian President Volodymyr Zelensky reported that a Russian drone strike hit a civilian passenger train near Barvinkove, Kharkiv Oblast (roughly 49 kilometers from the frontline) on January 27.[43] Zelensky reported that there were over 200 passengers on board, with 18 passengers in the car that ",
        "url": "https://understandingwar.org/research/russia-ukraine/russian-offensive-campaign-assessment-updates-2/"
      }
    },
    {
      "type": "Feature",
      "geometry": {
        "type": "Point",
        "coordinates": [
          35.460427,
          50.6914311
        ]
      },
      "properties": {
        "source": "ISW",
        "date": "2026-06-20",
        "title": "ISW UAV/missile",
        "place": "Hrabovske",
        "snippet": "Geolocated footage published on January 27 shows Russian first-person view (FPV) drone operators striking and killing two civilians in Hrabovske (southeast of Sumy City).[49] The Ukrainian 14th Army Corps (AC) reported on January 27 that Russian forces executed the two civilians as they were attempt",
        "url": "https://understandingwar.org/research/russia-ukraine/russian-offensive-campaign-assessment-updates-2/"
      }
    },
    {
      "type": "Feature",
      "geometry": {
        "type": "Point",
        "coordinates": [
          36.2310146,
          49.9923181
        ]
      },
      "properties": {
        "source": "ISW",
        "date": "2026-06-20",
        "title": "ISW UAV/missile",
        "place": "Kharkiv",
        "snippet": "Russian forces conducted a Shahed drone strike against a civilian passenger train in Kharkiv Oblast on January 27, killing at least five people",
        "url": "https://understandingwar.org/research/russia-ukraine/russian-offensive-campaign-assessment-updates-2/"
      }
    },
    {
      "type": "Feature",
      "geometry": {
        "type": "Point",
        "coordinates": [
          18.8504173,
          -33.9066532
        ]
      },
      "properties": {
        "source": "ISW",
        "date": "2026-06-20",
        "title": "ISW UAV/missile",
        "place": "September",
        "snippet": "ISW has only observed evidence that the Russian Rubikon Center for Advanced Unmanned Technologies is fielding BM-35 drones to date.[22] Russian forces first began fielding the BM-35 in September 2025 and intensified BM-35 strikes in early January 2026.[23] Russian milbloggers and the Rubikon Center ",
        "url": "https://understandingwar.org/research/russia-ukraine/russian-offensive-campaign-assessment-updates-2/"
      }
    },
    {
      "type": "Feature",
      "geometry": {
        "type": "Point",
        "coordinates": [
          18.8504173,
          -33.9066532
        ]
      },
      "properties": {
        "source": "ISW",
        "date": "2026-06-20",
        "title": "ISW UAV/missile",
        "place": "September",
        "snippet": "ISW has observed reports of Starlink-equipped Shahed long-range strike drones beginning in September 2024 and of Rubikon equipping Molniya strike drones with Starlink systems beginning in December 2025.[25] ISW continues to assess that Russian mid-range strikes, especially those conducted by Rubikon",
        "url": "https://understandingwar.org/research/russia-ukraine/russian-offensive-campaign-assessment-updates-2/"
      }
    },
    {
      "type": "Feature",
      "geometry": {
        "type": "Point",
        "coordinates": [
          120.9933147,
          14.5933141
        ]
      },
      "properties": {
        "source": "ISW",
        "date": "2026-06-20",
        "title": "ISW UAV/missile",
        "place": "Spokesperson",
        "snippet": "Kremlin Spokesperson Dmitry Peskov stated on January 23 that it is important to implement the &#8220;Anchorage formula&#8221; as negotiations continue.[3] Kremlin officials often attempt to exploit the lack of clarity about the outcome of the August 2025 US-Russian Alaska Summit to claim that the su",
        "url": "https://understandingwar.org/research/russia-ukraine/russian-offensive-campaign-assessment-updates-2/"
      }
    },
    {
      "type": "Feature",
      "geometry": {
        "type": "Point",
        "coordinates": [
          31.2718321,
          49.4871968
        ]
      },
      "properties": {
        "source": "ISW",
        "date": "2026-06-20",
        "title": "ISW UAV/missile",
        "place": "Ukraine",
        "snippet": "These dates have each conveniently aligned with peace talks &#8212; including a Putin call with US President Donald Trump.[10] Kremlin officials have continuously and explicitly rejected a peace on any terms other than those Russia dictates.[11] The Kremlin continues to demonstrate its unwillingness",
        "url": "https://understandingwar.org/research/russia-ukraine/russian-offensive-campaign-assessment-updates-2/"
      }
    },
    {
      "type": "Feature",
      "geometry": {
        "type": "Point",
        "coordinates": [
          30.5241361,
          50.4500336
        ]
      },
      "properties": {
        "source": "ISW",
        "date": "2026-06-20",
        "title": "ISW UAV/missile",
        "place": "Kyiv",
        "snippet": "Ukrainian Deputy Prime Minister and Development Minister Oleksiy Kuleba reported that Russian strikes killed one civilian and wounded dozens in Kyiv City and left over 800,000 subscribers in Kyiv City and over 400,000 subscribers in Chernihiv City without power.[14] Ukrainian officials reported that",
        "url": "https://understandingwar.org/research/russia-ukraine/russian-offensive-campaign-assessment-updates-2/"
      }
    },
    {
      "type": "Feature",
      "geometry": {
        "type": "Point",
        "coordinates": [
          31.2718321,
          49.4871968
        ]
      },
      "properties": {
        "source": "ISW",
        "date": "2026-06-20",
        "title": "ISW UAV/missile",
        "place": "Ukraine",
        "snippet": "Maksym Timchenko, the head of Ukraine\u2019s largest private energy company DTEK, told Reuters on January 23 that Russian strikes against DTEK energy infrastructure have degraded DTEK&#8217;s total power generation capacity by 60 to 70 percent and caused damages estimated at $64 to 70 billion to repair.[",
        "url": "https://understandingwar.org/research/russia-ukraine/russian-offensive-campaign-assessment-updates-2/"
      }
    },
    {
      "type": "Feature",
      "geometry": {
        "type": "Point",
        "coordinates": [
          -99.7473431,
          36.6169786
        ]
      },
      "properties": {
        "source": "ISW",
        "date": "2026-06-20",
        "title": "ISW UAV/missile",
        "place": "May",
        "snippet": "Sternenko is a prominent Ukrainian volunteer and fundraiser who has previously provided the Ukrainian military with first-person view (FPV) fiber optic drones and FPV drones with autonomous detection and strike capabilities.[32] Sternenko created the largest non-state FPV drone supplier for the Ukra",
        "url": "https://understandingwar.org/research/russia-ukraine/russian-offensive-campaign-assessment-updates-2/"
      }
    },
    {
      "type": "Feature",
      "geometry": {
        "type": "Point",
        "coordinates": [
          -121.2621572,
          37.979919
        ]
      },
      "properties": {
        "source": "ISW",
        "date": "2026-06-20",
        "title": "ISW UAV/missile",
        "place": "August",
        "snippet": "Russian Defense Minister Andrei Belousov stated in August 2025 that the newly created Svod system will undergo combat testing between September and November 2025, and the reason for the delays is unclear.[16] The Russian General Staff is reportedly creating a new drone brigade that will incorporate ",
        "url": "https://understandingwar.org/research/russia-ukraine/russian-offensive-campaign-assessment-updates-2/"
      }
    },
    {
      "type": "Feature",
      "geometry": {
        "type": "Point",
        "coordinates": [
          -73.9599242,
          41.3926455
        ]
      },
      "properties": {
        "source": "ISW",
        "date": "2026-06-20",
        "title": "ISW UAV/missile",
        "place": "Military",
        "snippet": "International Atomic Energy Agency (IAEA) Director General Rafael Grossi reported on January 20 that military activity damaged several Ukrainian electrical substations vital for nuclear safety at the Chornobyl Nuclear Power Plant (NPP) and cut all power to the NPP \u2014 the second time since about Janua",
        "url": "https://understandingwar.org/research/russia-ukraine/russian-offensive-campaign-assessment-updates-2/"
      }
    },
    {
      "type": "Feature",
      "geometry": {
        "type": "Point",
        "coordinates": [
          16.3725042,
          48.2083537
        ]
      },
      "properties": {
        "source": "ISW",
        "date": "2026-06-20",
        "title": "ISW UAV/missile",
        "place": "Vienna",
        "snippet": "Russian Permanent Representative to the UN in Vienna Mikhail Ulyanov \u2014 who also represents Russia to the IAEA \u2014 responded to the Chornobyl NPP power outage by criticizing &#8220;attempts to create the impression&#8221; that &#8220;minor power outages&#8221; at NPPs are &#8220;fraught with the possib",
        "url": "https://understandingwar.org/research/russia-ukraine/russian-offensive-campaign-assessment-updates-2/"
      }
    },
    {
      "type": "Feature",
      "geometry": {
        "type": "Point",
        "coordinates": [
          31.2718321,
          49.4871968
        ]
      },
      "properties": {
        "source": "ISW",
        "date": "2026-06-20",
        "title": "ISW UAV/missile",
        "place": "Ukraine",
        "snippet": "The January 20 Russian strike against a substation supporting the Chornobyl NPP was not an isolated incident, as Russia conducts repeat strikes against individual substations and other electricity generation and transmission infrastructure in Ukraine.[8] These repeated strikes significantly raise th",
        "url": "https://understandingwar.org/research/russia-ukraine/russian-offensive-campaign-assessment-updates-2/"
      }
    },
    {
      "type": "Feature",
      "geometry": {
        "type": "Point",
        "coordinates": [
          -82.4995913,
          36.333438
        ]
      },
      "properties": {
        "source": "ISW",
        "date": "2026-06-20",
        "title": "ISW UAV/missile",
        "place": "February",
        "snippet": "A Russian Shahed drone notably struck the sarcophagus containing the Chornobyl NPP&#8217;s melted-down nuclear reactor in February 2025, damaging the containment structure so severely that it could no longer adequately contain the radiation from the reactor without significant repairs.[9] Repeated p",
        "url": "https://understandingwar.org/research/russia-ukraine/russian-offensive-campaign-assessment-updates-2/"
      }
    },
    {
      "type": "Feature",
      "geometry": {
        "type": "Point",
        "coordinates": [
          28.516068,
          48.8990315
        ]
      },
      "properties": {
        "source": "ISW",
        "date": "2026-06-20",
        "title": "ISW UAV/missile",
        "place": "Vinnytsia",
        "snippet": "Ukrainian Air Force Spokesperson Colonel Yuriy Ihnat reported that Ukrainian forces were unable to down the Zirkon hypersonic missile, which struck an infrastructure facility in Vinnytsia Oblast.[15] Ukraine\u2019s largest private energy company, DTEK, reported that Russian strikes left 173,000 household",
        "url": "https://understandingwar.org/research/russia-ukraine/russian-offensive-campaign-assessment-updates-2/"
      }
    },
    {
      "type": "Feature",
      "geometry": {
        "type": "Point",
        "coordinates": [
          36.83578,
          48.74084
        ]
      },
      "properties": {
        "source": "ISW",
        "date": "2026-06-20",
        "title": "ISW UAV/missile",
        "place": "Novobakhmetieve",
        "snippet": "Rubikon posted geolocated footage on January 20 showing a first-person view (FPV) drone striking a High Mobility Artillery Rocket System (HIMARS) moving along a road on the night of January 19 to 20 near Novobakhmetieve (northwest of Pokrovsk and roughly 43 kilometers from the frontline).[28] A Russ",
        "url": "https://understandingwar.org/research/russia-ukraine/russian-offensive-campaign-assessment-updates-2/"
      }
    },
    {
      "type": "Feature",
      "geometry": {
        "type": "Point",
        "coordinates": [
          37.6141992,
          49.7132963
        ]
      },
      "properties": {
        "source": "ISW",
        "date": "2026-06-20",
        "title": "ISW UAV/missile",
        "place": "Kupyansk",
        "snippet": "A Ukrainian drone unit reported on January 20 that Ukrainian forces created a kill zone using unmanned systems near Kupyansk that can destroy up to 88 percent of Russian forces before they approach Ukrainian positions.[35] The unit reported that unmanned systems deny Russian infantry movement and ma",
        "url": "https://understandingwar.org/research/russia-ukraine/russian-offensive-campaign-assessment-updates-2/"
      }
    },
    {
      "type": "Feature",
      "geometry": {
        "type": "Point",
        "coordinates": [
          31.2718321,
          49.4871968
        ]
      },
      "properties": {
        "source": "ISW",
        "date": "2026-06-20",
        "title": "ISW UAV/missile",
        "place": "Ukraine",
        "snippet": "Russian forces are using training missiles to strike ground targets in Ukraine, possibly by equipping them with live warheads",
        "url": "https://understandingwar.org/research/russia-ukraine/russian-offensive-campaign-assessment-updates-2/"
      }
    },
    {
      "type": "Feature",
      "geometry": {
        "type": "Point",
        "coordinates": [
          31.2718321,
          49.4871968
        ]
      },
      "properties": {
        "source": "ISW",
        "date": "2026-06-20",
        "title": "ISW UAV/missile",
        "place": "Ukraine",
        "snippet": "Ukrainian sources reported that Russian forces struck ground targets in Ukraine with RM-48U surface-to-air training missiles for the first time on January 19 to 20, which Ukrainian sources characterized as an &#8220;ersatz ballistic missile.&#8221;[36] RM-48U missiles are decommissioned 5V55 and 48N",
        "url": "https://understandingwar.org/research/russia-ukraine/russian-offensive-campaign-assessment-updates-2/"
      }
    },
    {
      "type": "Feature",
      "geometry": {
        "type": "Point",
        "coordinates": [
          -73.9599242,
          41.3926455
        ]
      },
      "properties": {
        "source": "ISW",
        "date": "2026-06-20",
        "title": "ISW UAV/missile",
        "place": "Military",
        "snippet": "Ukraine&#8217;s Main Military Intelligence Directorate (GUR) told The New Voice of Ukraine (NV) that Russia had over 400 RM-48U missiles stockpiled as of December 1, 2025.[37] Ukrainian outlets noted that it is unclear if Russian forces used the decoy version of the RM-48U missile in the January 20 ",
        "url": "https://understandingwar.org/research/russia-ukraine/russian-offensive-campaign-assessment-updates-2/"
      }
    },
    {
      "type": "Feature",
      "geometry": {
        "type": "Point",
        "coordinates": [
          31.2718321,
          49.4871968
        ]
      },
      "properties": {
        "source": "ISW",
        "date": "2026-06-20",
        "title": "ISW UAV/missile",
        "place": "Ukraine",
        "snippet": "Russian forces are using training missiles to strike ground targets in Ukraine, possibly by equipping them with live warheads",
        "url": "https://understandingwar.org/research/russia-ukraine/russian-offensive-campaign-assessment-updates-2/"
      }
    },
    {
      "type": "Feature",
      "geometry": {
        "type": "Point",
        "coordinates": [
          -73.9599242,
          41.3926455
        ]
      },
      "properties": {
        "source": "ISW",
        "date": "2026-06-20",
        "title": "ISW UAV/missile",
        "place": "Military",
        "snippet": "Ukraine\u2019s Main Military Intelligence Directorate (GUR) and Ukrainian President Volodymyr Zelensky warned on January 17 that Russia is considering strikes on electricity transmission substations on which Ukrainian nuclear power plants depend to operate.[1] The GUR stated that Russia seeks to disconne",
        "url": "https://understandingwar.org/research/russia-ukraine/russian-offensive-campaign-assessment-updates-2/"
      }
    },
    {
      "type": "Feature",
      "geometry": {
        "type": "Point",
        "coordinates": [
          36.2310146,
          49.9923181
        ]
      },
      "properties": {
        "source": "ISW",
        "date": "2026-06-20",
        "title": "ISW UAV/missile",
        "place": "Kharkiv",
        "snippet": "The Ukrainian Air Force reported that Russian forces launched 201 Shahed-type, Gerbera-type, and other drones \u2014 of which 120 were Shahed-type drones \u2014from the directions of Kursk and Oryol cities; Millerovo, Rostov Oblast; Primorsko-Akhtarsk, Krasnodar Krai; occupied Cape Chauda, Crimea; and occupie",
        "url": "https://understandingwar.org/research/russia-ukraine/russian-offensive-campaign-assessment-updates-2/"
      }
    },
    {
      "type": "Feature",
      "geometry": {
        "type": "Point",
        "coordinates": [
          -80.1935973,
          25.7741566
        ]
      },
      "properties": {
        "source": "ISW",
        "date": "2026-06-20",
        "title": "ISW UAV/missile",
        "place": "Miami",
        "snippet": "Medvedchuk\u2019s statements come against the backdrop of ongoing US-European Union-Ukraine peace talks to develop a peace plan and the most recent round of Ukraine-US talks in Miami on January 16.[14] ISW continues to assess that the Kremlin likely intends to reject outright any peace proposal that does",
        "url": "https://understandingwar.org/research/russia-ukraine/russian-offensive-campaign-assessment-updates-2/"
      }
    },
    {
      "type": "Feature",
      "geometry": {
        "type": "Point",
        "coordinates": [
          -73.9599242,
          41.3926455
        ]
      },
      "properties": {
        "source": "ISW",
        "date": "2026-06-20",
        "title": "ISW UAV/missile",
        "place": "Military",
        "snippet": "Ukrainian drone charity Wild Hornets posted footage on January 15 showing Ukrainian forces successfully using a Sting interceptor drone to down a Russian jet powered Shahed (Geran) drone equipped with an R-60 air-to-air missile.[25] Ukrainian electronic and radio warfare expert Serhiy \u201cFlash\u201d Beskre",
        "url": "https://understandingwar.org/research/russia-ukraine/russian-offensive-campaign-assessment-updates-2/"
      }
    },
    {
      "type": "Feature",
      "geometry": {
        "type": "Point",
        "coordinates": [
          30.5241361,
          50.4500336
        ]
      },
      "properties": {
        "source": "ISW",
        "date": "2026-06-20",
        "title": "ISW UAV/missile",
        "place": "Kyiv",
        "snippet": "The Finnish Ministry of Defense (MoD) announced on January 16 that Finland will provide a military aid package worth 98 million euros (roughly $114 million) to Ukraine and that the contents of the package are classified.[35] Czech President Petr Pavel stated on January 16 that the Czech Republic wil",
        "url": "https://understandingwar.org/research/russia-ukraine/russian-offensive-campaign-assessment-updates-2/"
      }
    },
    {
      "type": "Feature",
      "geometry": {
        "type": "Point",
        "coordinates": [
          11.5325232,
          47.5693317
        ]
      },
      "properties": {
        "source": "ISW",
        "date": "2026-06-20",
        "title": "ISW UAV/missile",
        "place": "Fall",
        "snippet": "Russian forces were able to take advantage of poor weather conditions in Fall and early Winter 2025 that hindered Ukrainian drone operations to make relatively faster advances.[1] ISW previously noted, however, that these advantageous weather conditions were not permanent.[2] Russian forces are like",
        "url": "https://understandingwar.org/research/russia-ukraine/russian-offensive-campaign-assessment-updates-2/"
      }
    },
    {
      "type": "Feature",
      "geometry": {
        "type": "Point",
        "coordinates": [
          -77.000684,
          -12.0863298
        ]
      },
      "properties": {
        "source": "ISW",
        "date": "2026-06-20",
        "title": "ISW UAV/missile",
        "place": "January",
        "snippet": "Lavrov claimed that the United States abandoned its principles, showing that the United States is &#8220;unreliable&#8221; and that its &#8220;competitive position&#8221; is &#8220;steadily deteriorating.&#8221; Russia has relied heavily on Iran for weapons supplies and technology, particularly to f",
        "url": "https://understandingwar.org/research/russia-ukraine/russian-offensive-campaign-assessment-updates-2/"
      }
    },
    {
      "type": "Feature",
      "geometry": {
        "type": "Point",
        "coordinates": [
          31.2718321,
          49.4871968
        ]
      },
      "properties": {
        "source": "ISW",
        "date": "2026-06-20",
        "title": "ISW UAV/missile",
        "place": "Ukraine",
        "snippet": "read the full Jan 14 report Russian Offensive Campaign Assessment, January 13, 2026 Toplines Russian strikes caused significantly more civilian casualties in Ukraine in 2025 compared to previous years",
        "url": "https://understandingwar.org/research/russia-ukraine/russian-offensive-campaign-assessment-updates-2/"
      }
    },
    {
      "type": "Feature",
      "geometry": {
        "type": "Point",
        "coordinates": [
          7.1586813,
          50.8746173
        ]
      },
      "properties": {
        "source": "ISW",
        "date": "2026-06-20",
        "title": "ISW UAV/missile",
        "place": "November",
        "snippet": "Bloomberg reported on January 12 that a comprehensive assessment by unspecified European governments found that Russian strikes killed roughly 2,400 Ukrainian civilians and injured almost 12,000 in 2025 \u2014 nearly a 30 percent increase from 2024.[1] The report noted that Russian strikes killed over 2,",
        "url": "https://understandingwar.org/research/russia-ukraine/russian-offensive-campaign-assessment-updates-2/"
      }
    },
    {
      "type": "Feature",
      "geometry": {
        "type": "Point",
        "coordinates": [
          31.2718321,
          49.4871968
        ]
      },
      "properties": {
        "source": "ISW",
        "date": "2026-06-20",
        "title": "ISW UAV/missile",
        "place": "Ukraine",
        "snippet": "The UN Human Rights Monitoring Mission in Ukraine (HRMMU) similarly reported on January 12 that conflict-related violence in Ukraine killed 2,512 civilians and injured 12,142 in 2025, 31 percent higher than in 2024 and 70 percent higher than in 2023.[2] The UN HRMMU noted that Russian strikes agains",
        "url": "https://understandingwar.org/research/russia-ukraine/russian-offensive-campaign-assessment-updates-2/"
      }
    },
    {
      "type": "Feature",
      "geometry": {
        "type": "Point",
        "coordinates": [
          -10.3861876,
          6.2024557
        ]
      },
      "properties": {
        "source": "ISW",
        "date": "2026-06-20",
        "title": "ISW UAV/missile",
        "place": "December",
        "snippet": "Russian forces only launched three strike packages containing over 200 projectiles in 2024, with the largest consisting of 287 projectiles in December 2024.[3] In contrast, Russian forces launched 42 strike packages containing over 300 projectiles in 2025, with the largest comprised of 823 projectil",
        "url": "https://understandingwar.org/research/russia-ukraine/russian-offensive-campaign-assessment-updates-2/"
      }
    },
    {
      "type": "Feature",
      "geometry": {
        "type": "Point",
        "coordinates": [
          34.9501715,
          48.662589
        ]
      },
      "properties": {
        "source": "ISW",
        "date": "2026-06-20",
        "title": "ISW UAV/missile",
        "place": "Dnipropetrovsk",
        "snippet": "Ukrainian officials reported that Russian forces struck residential, educational, railroad, port, and energy infrastructure in Dnipropetrovsk, Zhytomyr, Zaporizhia, Kyiv, Odesa, Sumy, Kharkiv, and Donetsk oblasts.[10] Ukrainian President Volodymyr Zelensky stated that Russian strikes largely targete",
        "url": "https://understandingwar.org/research/russia-ukraine/russian-offensive-campaign-assessment-updates-2/"
      }
    },
    {
      "type": "Feature",
      "geometry": {
        "type": "Point",
        "coordinates": [
          30.7322878,
          46.4843023
        ]
      },
      "properties": {
        "source": "ISW",
        "date": "2026-06-20",
        "title": "ISW UAV/missile",
        "place": "Odesa",
        "snippet": "Zelensky similarly warned about a new massive Russian strike on the afternoon of January 8, before the Russian Oreshnik ballistic missile strike on Lviv Oblast on the night of January 8 to 9.[16] Ukrainian officials reported on January 12 that Russian drones also struck two vessels in the Black Sea ",
        "url": "https://understandingwar.org/research/russia-ukraine/russian-offensive-campaign-assessment-updates-2/"
      }
    },
    {
      "type": "Feature",
      "geometry": {
        "type": "Point",
        "coordinates": [
          33.7498787,
          49.8607809
        ]
      },
      "properties": {
        "source": "ISW",
        "date": "2026-06-20",
        "title": "ISW UAV/missile",
        "place": "Poltava",
        "snippet": "Russian milbloggers claimed that Rubikon elements struck the two foreign-flagged ships with BM-35 strike drones.[18] Rubikon elements conducted drone strikes against a Ukrainian helicopter in Poltava Oblast and a transport aircraft in Mykolaiv Oblast in late December 2025, demonstrating how Rubikon ",
        "url": "https://understandingwar.org/research/russia-ukraine/russian-offensive-campaign-assessment-updates-2/"
      }
    },
    {
      "type": "Feature",
      "geometry": {
        "type": "Point",
        "coordinates": [
          -10.3861876,
          6.2024557
        ]
      },
      "properties": {
        "source": "ISW",
        "date": "2026-06-20",
        "title": "ISW UAV/missile",
        "place": "December",
        "snippet": "Russia&#8217;s Rubikon Center for Unmanned Technologies began employing Starlink-enabled Molniya-2 variants in December 2025, reportedly increasing the range of this drone variant to over 230 kilometers compared to 50 kilometers (the range of Molinyas operating on a mobile network).[22] Russia has b",
        "url": "https://understandingwar.org/research/russia-ukraine/russian-offensive-campaign-assessment-updates-2/"
      }
    },
    {
      "type": "Feature",
      "geometry": {
        "type": "Point",
        "coordinates": [
          31.2718321,
          49.4871968
        ]
      },
      "properties": {
        "source": "ISW",
        "date": "2026-06-20",
        "title": "ISW UAV/missile",
        "place": "Ukraine",
        "snippet": "ISW has previously assessed that Russia may deprioritize the aircraft industry to prioritize other areas of the Russian defense production, such as drones and weapons needed on the battlefield in Ukraine.[34] If Russia does prioritize other sectors of defense production, its ability to fulfill VKS p",
        "url": "https://understandingwar.org/research/russia-ukraine/russian-offensive-campaign-assessment-updates-2/"
      }
    },
    {
      "type": "Feature",
      "geometry": {
        "type": "Point",
        "coordinates": [
          38.9285216,
          47.2153657
        ]
      },
      "properties": {
        "source": "ISW",
        "date": "2026-06-20",
        "title": "ISW UAV/missile",
        "place": "Taganrog",
        "snippet": "The Ukrainian General Staff reported that Ukrainian forces used an unspecified Ukrainian-made missile to strike the Atlant Aero drone production facility in Taganrog, Rostov Oblast, on the night of January 12 to 13.[35] The Ukrainian General Staff reported a fire at the Atlant Aero enterprise, which",
        "url": "https://understandingwar.org/research/russia-ukraine/russian-offensive-campaign-assessment-updates-2/"
      }
    },
    {
      "type": "Feature",
      "geometry": {
        "type": "Point",
        "coordinates": [
          38.9285216,
          47.2153657
        ]
      },
      "properties": {
        "source": "ISW",
        "date": "2026-06-20",
        "title": "ISW UAV/missile",
        "place": "Taganrog",
        "snippet": "Geolocated footage published on January 13 shows a fire near the drone facility in Taganrog.[36] Russian opposition outlet Astra reported that locals speculated that Ukrainian forces also hit the Beriev Aircraft Repair Plant in Taganrog.[37] Rostov Oblast Governor Yury Slyusar claimed that Russian f",
        "url": "https://understandingwar.org/research/russia-ukraine/russian-offensive-campaign-assessment-updates-2/"
      }
    },
    {
      "type": "Feature",
      "geometry": {
        "type": "Point",
        "coordinates": [
          37.7690711,
          44.7239578
        ]
      },
      "properties": {
        "source": "ISW",
        "date": "2026-06-20",
        "title": "ISW UAV/missile",
        "place": "Novorossiysk",
        "snippet": "Western outlets and Russian opposition sources reported on January 13 that drones struck two oil tankers sailing in the Black Sea toward the Caspian Pipeline Consortium (CPC) terminal near Novorossiysk, Krasnodar Krai.[41] The drones reportedly struck the Kazakh-chartered Matilda tanker and the Delt",
        "url": "https://understandingwar.org/research/russia-ukraine/russian-offensive-campaign-assessment-updates-2/"
      }
    },
    {
      "type": "Feature",
      "geometry": {
        "type": "Point",
        "coordinates": [
          -99.7473431,
          36.6169786
        ]
      },
      "properties": {
        "source": "ISW",
        "date": "2026-06-20",
        "title": "ISW UAV/missile",
        "place": "May",
        "snippet": "Russian sources claimed on January 13 that the Russian MoD removed Akhmedov from his post.[44] Akhmedov previously commanded the Russian 155th Naval Infantry Brigade (Pacific Fleet) and later the 20th Combined Arms Army (CAA, Moscow Military District [MMD]).[45] The Russian military command reported",
        "url": "https://understandingwar.org/research/russia-ukraine/russian-offensive-campaign-assessment-updates-2/"
      }
    },
    {
      "type": "Feature",
      "geometry": {
        "type": "Point",
        "coordinates": [
          36.2310146,
          49.9923181
        ]
      },
      "properties": {
        "source": "ISW",
        "date": "2026-06-20",
        "title": "ISW UAV/missile",
        "place": "Kharkiv",
        "snippet": "Russian forces conducted a series of missile and drone strikes against Ukraine on the night of January 12 to 13 that significantly damaged energy infrastructure throughout Ukraine and hit a postal terminal in Kharkiv Oblast",
        "url": "https://understandingwar.org/research/russia-ukraine/russian-offensive-campaign-assessment-updates-2/"
      }
    },
    {
      "type": "Feature",
      "geometry": {
        "type": "Point",
        "coordinates": [
          -77.000684,
          -12.0863298
        ]
      },
      "properties": {
        "source": "ISW",
        "date": "2026-06-20",
        "title": "ISW UAV/missile",
        "place": "January",
        "snippet": "Russian labor shortages and competition between Russia&#8217;s defense and civilian sectors have raised average wages across Russian industries, fueling inflation and causing price spikes.[4] Several major Russian civilian manufacturers have introduced a four-day work week and announced layoffs in t",
        "url": "https://understandingwar.org/research/russia-ukraine/russian-offensive-campaign-assessment-updates-2/"
      }
    },
    {
      "type": "Feature",
      "geometry": {
        "type": "Point",
        "coordinates": [
          24.0315921,
          49.841952
        ]
      },
      "properties": {
        "source": "ISW",
        "date": "2026-06-20",
        "title": "ISW UAV/missile",
        "place": "Lviv",
        "snippet": "[9] The Russian MoD claimed on January 12 that the Oreshnik IRBM strike against the Lviv State Aircraft Repair Plant in Lviv City halted operations at the plant.[10] The Russian MoD further claimed that the strike damaged production workshops, drone warehouses, and infrastructure at the plant\u2019s airf",
        "url": "https://understandingwar.org/research/russia-ukraine/russian-offensive-campaign-assessment-updates-2/"
      }
    },
    {
      "type": "Feature",
      "geometry": {
        "type": "Point",
        "coordinates": [
          17.3094202,
          49.3597062
        ]
      },
      "properties": {
        "source": "ISW",
        "date": "2026-06-20",
        "title": "ISW UAV/missile",
        "place": "March",
        "snippet": "The UK will award contracts to three enterprises in March 2026 to design, develop, and deliver their first missiles within a year for Ukrainian forces to then test.Ukrainian President Volodymyr Zelensky stated on January 11 that he met with Ukrainian Ground Forces Commander Colonel General Oleksandr",
        "url": "https://understandingwar.org/research/russia-ukraine/russian-offensive-campaign-assessment-updates-2/"
      }
    },
    {
      "type": "Feature",
      "geometry": {
        "type": "Point",
        "coordinates": [
          24.0315921,
          49.841952
        ]
      },
      "properties": {
        "source": "ISW",
        "date": "2026-06-20",
        "title": "ISW UAV/missile",
        "place": "Lviv",
        "snippet": "The Russian Ministry of Defense (MoD) stated that the Russian Oreshnik intermediate-range ballistic missile (IRBM) launched on the night of January 8 to 9 struck a Ukrainian defense industrial enterprise in Lviv City, which is consistent with the available visual evidence",
        "url": "https://understandingwar.org/research/russia-ukraine/russian-offensive-campaign-assessment-updates-2/"
      }
    },
    {
      "type": "Feature",
      "geometry": {
        "type": "Point",
        "coordinates": [
          -73.9599242,
          41.3926455
        ]
      },
      "properties": {
        "source": "ISW",
        "date": "2026-06-20",
        "title": "ISW UAV/missile",
        "place": "Military",
        "snippet": "The Ukrainian Main Military Intelligence Directorate (GUR) reported on January 11 that Russian forces used a new Geran-5 strike drone during combined air strikes against Ukraine sometime between January 1 and 11.[1] The GUR reported that the Geran-5 can carry a warhead of about 90 kilograms, has a s",
        "url": "https://understandingwar.org/research/russia-ukraine/russian-offensive-campaign-assessment-updates-2/"
      }
    },
    {
      "type": "Feature",
      "geometry": {
        "type": "Point",
        "coordinates": [
          24.0315921,
          49.841952
        ]
      },
      "properties": {
        "source": "ISW",
        "date": "2026-06-20",
        "title": "ISW UAV/missile",
        "place": "Lviv",
        "snippet": "read the full Jan 11 report Russian Offensive Campaign Assessment, January 10, 2026 Toplines Available visual evidence indicates that the Russian Oreshnik intermediate-range ballistic missile (IRBM) strike on the night of January 8 to 9 struck a Ukrainian defense industrial enterprise in Lviv City",
        "url": "https://understandingwar.org/research/russia-ukraine/russian-offensive-campaign-assessment-updates-2/"
      }
    },
    {
      "type": "Feature",
      "geometry": {
        "type": "Point",
        "coordinates": [
          24.0315921,
          49.841952
        ]
      },
      "properties": {
        "source": "ISW",
        "date": "2026-06-20",
        "title": "ISW UAV/missile",
        "place": "Lviv",
        "snippet": "Geolocated footage published on January 9 of the Oreshnik strike indicates that Russian forces struck in the vicinity of southwestern Lviv City.[1] OSINT analysts on X (formerly Twitter) and Russian milbloggers assessed that the geolocated footage indicates that Russian forces were targeting the Lvi",
        "url": "https://understandingwar.org/research/russia-ukraine/russian-offensive-campaign-assessment-updates-2/"
      }
    },
    {
      "type": "Feature",
      "geometry": {
        "type": "Point",
        "coordinates": [
          -77.000684,
          -12.0863298
        ]
      },
      "properties": {
        "source": "ISW",
        "date": "2026-06-20",
        "title": "ISW UAV/missile",
        "place": "January",
        "snippet": "UK Defense Minister John Healey announced on January 9 that the UK will begin production of the Ukrainian-designed &#8220;Octopus&#8221; interceptor drones, which can intercept Russian Shahed-type drones, in January 2025.[13] Healey stated that the UK aims to make thousands of these Octopus drones p",
        "url": "https://understandingwar.org/research/russia-ukraine/russian-offensive-campaign-assessment-updates-2/"
      }
    },
    {
      "type": "Feature",
      "geometry": {
        "type": "Point",
        "coordinates": [
          24.0315921,
          49.841952
        ]
      },
      "properties": {
        "source": "ISW",
        "date": "2026-06-20",
        "title": "ISW UAV/missile",
        "place": "Lviv",
        "snippet": "ISW continues to assess that Ukraine&#8217;s ability to field technological adaptations at scale ahead of Russian adaptations is crucial for Ukraine&#8217;s ability to offset Russia&#8217;s quantitative materiel advantages.[15] ISW continues to assess that Western support for Ukraine\u2019s interceptor d",
        "url": "https://understandingwar.org/research/russia-ukraine/russian-offensive-campaign-assessment-updates-2/"
      }
    },
    {
      "type": "Feature",
      "geometry": {
        "type": "Point",
        "coordinates": [
          84.936867,
          56.156025
        ]
      },
      "properties": {
        "source": "ISW",
        "date": "2026-06-20",
        "title": "ISW UAV/missile",
        "place": "Yar",
        "snippet": "The Ukrainian Air Force reported that Russian forces launched a medium-range ballistic missile from the Kapustin Yar test site in Astrakhan Oblast overnight, and the Russian Ministry of Defense (MoD) confirmed that Russian forces used an Oreshnik missile.[1] Ukraine&#8217;s Security Service (SBU) po",
        "url": "https://understandingwar.org/research/russia-ukraine/russian-offensive-campaign-assessment-updates-2/"
      }
    },
    {
      "type": "Feature",
      "geometry": {
        "type": "Point",
        "coordinates": [
          33.2537994,
          57.9791414
        ]
      },
      "properties": {
        "source": "ISW",
        "date": "2026-06-20",
        "title": "ISW UAV/missile",
        "place": "Valdai",
        "snippet": "The Russian MoD attempted to justify the strike as a response to the claimed Ukrainian drone strike targeting Russian President Vladimir Putin&#8217;s residence in Valdai, Novgorod Oblast on the night of December 28 to 29.[11] Western media outlets reported that the Central Intelligence Agency (CIA)",
        "url": "https://understandingwar.org/research/russia-ukraine/russian-offensive-campaign-assessment-updates-2/"
      }
    },
    {
      "type": "Feature",
      "geometry": {
        "type": "Point",
        "coordinates": [
          7.1586813,
          50.8746173
        ]
      },
      "properties": {
        "source": "ISW",
        "date": "2026-06-20",
        "title": "ISW UAV/missile",
        "place": "November",
        "snippet": "Putin framed Russia&#8217;s first use of the Oreshnik missile against Ukraine in November 2024 as a direct response to Ukrainian ATACMS and Storm Shadow strikes against military objects in Russia, demonstrating how Russia has used the Oreshnik to conduct performative strikes in the past to discourag",
        "url": "https://understandingwar.org/research/russia-ukraine/russian-offensive-campaign-assessment-updates-2/"
      }
    },
    {
      "type": "Feature",
      "geometry": {
        "type": "Point",
        "coordinates": [
          84.936867,
          56.156025
        ]
      },
      "properties": {
        "source": "ISW",
        "date": "2026-06-20",
        "title": "ISW UAV/missile",
        "place": "Yar",
        "snippet": "The Ukrainian Air Force reported that Russian forces launched 13 Iskander-M ballistic missiles/S-400 air defense missiles from Bryansk Oblast, 22 Kalibr cruise missiles from the Black Sea, and one medium-range ballistic missile from the Kapustin Yar test site in Astrakhan Oblast.[16] The Ukrainian A",
        "url": "https://understandingwar.org/research/russia-ukraine/russian-offensive-campaign-assessment-updates-2/"
      }
    },
    {
      "type": "Feature",
      "geometry": {
        "type": "Point",
        "coordinates": [
          31.2718321,
          49.4871968
        ]
      },
      "properties": {
        "source": "ISW",
        "date": "2026-06-20",
        "title": "ISW UAV/missile",
        "place": "Ukraine",
        "snippet": "The Ukrainian Air Force reported that 18 missiles and 16 drones struck 19 locations in Ukraine",
        "url": "https://understandingwar.org/research/russia-ukraine/russian-offensive-campaign-assessment-updates-2/"
      }
    },
    {
      "type": "Feature",
      "geometry": {
        "type": "Point",
        "coordinates": [
          30.5241361,
          50.4500336
        ]
      },
      "properties": {
        "source": "ISW",
        "date": "2026-06-20",
        "title": "ISW UAV/missile",
        "place": "Kyiv",
        "snippet": "Ukrainian officials reported that the Russian strikes damaged critical, residential, educational, and transport infrastructure in Kyiv City and Kyiv Oblast.[17] Ukrainian President Volodymyr Zelensky reported that four people in Kyiv City died, and Ukrainian Prime Minister Yulia Svyrydenko reported ",
        "url": "https://understandingwar.org/research/russia-ukraine/russian-offensive-campaign-assessment-updates-2/"
      }
    },
    {
      "type": "Feature",
      "geometry": {
        "type": "Point",
        "coordinates": [
          -66.9774714,
          10.3965456
        ]
      },
      "properties": {
        "source": "ISW",
        "date": "2026-06-20",
        "title": "ISW UAV/missile",
        "place": "Venezuelan",
        "snippet": "The New York Times (NYT) reported on January 9 that a sanctioned oil tanker leaving Venezuela, the Veronica , recently changed its name to Galileo and its flag to Russia this week in an effort to evade US Coast Guard boarding attempts.[30] The NYT reported on January 7, citing the official Russian v",
        "url": "https://understandingwar.org/research/russia-ukraine/russian-offensive-campaign-assessment-updates-2/"
      }
    },
    {
      "type": "Feature",
      "geometry": {
        "type": "Point",
        "coordinates": [
          30.5241361,
          50.4500336
        ]
      },
      "properties": {
        "source": "ISW",
        "date": "2026-06-20",
        "title": "ISW UAV/missile",
        "place": "Kyiv",
        "snippet": "Russian forces conducted a long-range combined drone and missile strike on the night of January 8 to 9 that resulted in massive power outages, particularly in Kyiv Oblast",
        "url": "https://understandingwar.org/research/russia-ukraine/russian-offensive-campaign-assessment-updates-2/"
      }
    },
    {
      "type": "Feature",
      "geometry": {
        "type": "Point",
        "coordinates": [
          84.936867,
          56.156025
        ]
      },
      "properties": {
        "source": "ISW",
        "date": "2026-06-20",
        "title": "ISW UAV/missile",
        "place": "Yar",
        "snippet": "The Ukrainian Air Force issued a missile alert in all of Ukraine around 23:30 local time due to the threat of a Russian ballistic missile launch from Kapustin Yar (where Russia reportedly stores Oreshnik missiles and the alleged launch site of the first Russian Oreshnik strike against Ukraine in Nov",
        "url": "https://understandingwar.org/research/russia-ukraine/russian-offensive-campaign-assessment-updates-2/"
      }
    },
    {
      "type": "Feature",
      "geometry": {
        "type": "Point",
        "coordinates": [
          30.5241361,
          50.4500336
        ]
      },
      "properties": {
        "source": "ISW",
        "date": "2026-06-20",
        "title": "ISW UAV/missile",
        "place": "Kyiv",
        "snippet": "Ukrainian President Volodymyr Zelensky had warned on the afternoon of January 8 about a possible &#8220;new massive Russian strike&#8221; on the night of January 8 to 9.[8] The US Embassy in Kyiv City reported on January 8 that it received information about a potentially significant air strike &#822",
        "url": "https://understandingwar.org/research/russia-ukraine/russian-offensive-campaign-assessment-updates-2/"
      }
    },
    {
      "type": "Feature",
      "geometry": {
        "type": "Point",
        "coordinates": [
          35.9208284,
          56.858675
        ]
      },
      "properties": {
        "source": "ISW",
        "date": "2026-06-20",
        "title": "ISW UAV/missile",
        "place": "Tver",
        "snippet": "John Hardie, the deputy director of the Russia program at the Foundation for Defense of Democracies, reported on January 7 that Russian milblogger accounts and military recruitment sites are recruiting for the 1244th Guards Artillery Brigade, a reserve unit of the 31st Combined Arms Army (CAA), poss",
        "url": "https://understandingwar.org/research/russia-ukraine/russian-offensive-campaign-assessment-updates-2/"
      }
    },
    {
      "type": "Feature",
      "geometry": {
        "type": "Point",
        "coordinates": [
          -16.2233275,
          15.6118551
        ]
      },
      "properties": {
        "source": "ISW",
        "date": "2026-06-20",
        "title": "ISW UAV/missile",
        "place": "Luga",
        "snippet": "Hardie also stated that the Russian military command formed the 76th Rocket Artillery Brigade in the Leningrad Military District (LMD).[24] Hardie noted that elements of the brigade marched in the May 2025 Victory Day parade in Luga, Leningrad Oblast and that the Kurgan Oblast government in February",
        "url": "https://understandingwar.org/research/russia-ukraine/russian-offensive-campaign-assessment-updates-2/"
      }
    },
    {
      "type": "Feature",
      "geometry": {
        "type": "Point",
        "coordinates": [
          -88.0169936,
          30.6821397
        ]
      },
      "properties": {
        "source": "ISW",
        "date": "2026-06-20",
        "title": "ISW UAV/missile",
        "place": "Missile",
        "snippet": "The Ukrainian General Staff reported on January 6 that Ukrainian forces struck the 100th Arsenal of the Russian Main Missile and Artillery Directorate (GRAU) near Neya, Kostroma Oblast.[1] Sources within Ukraine\u2019s Security Service (SBU) told Ukrainian media outlets that the strike caused secondary e",
        "url": "https://understandingwar.org/research/russia-ukraine/russian-offensive-campaign-assessment-updates-2/"
      }
    },
    {
      "type": "Feature",
      "geometry": {
        "type": "Point",
        "coordinates": [
          43.9308358,
          58.3676421
        ]
      },
      "properties": {
        "source": "ISW",
        "date": "2026-06-20",
        "title": "ISW UAV/missile",
        "place": "Neysky",
        "snippet": "Geolocated footage published on January 6 shows a smoke plume near the arsenal.[3] Kostroma Oblast Governor Sergei Sitnikov claimed on January 6 that falling drone fragments started a fire at an unspecified military base in Neysky Raion, and announced the opening of an evacuation point for residents",
        "url": "https://understandingwar.org/research/russia-ukraine/russian-offensive-campaign-assessment-updates-2/"
      }
    },
    {
      "type": "Feature",
      "geometry": {
        "type": "Point",
        "coordinates": [
          31.2718321,
          49.4871968
        ]
      },
      "properties": {
        "source": "ISW",
        "date": "2026-06-20",
        "title": "ISW UAV/missile",
        "place": "Ukraine",
        "snippet": "ISW continues to assess that Russia would likely be able to pose a significant threat to NATO earlier than many Western estimates, particularly in the event of a future ceasefire in Ukraine that would free up Russian forces and allow Russia to rearm and reconstitute.[12] Russian covert attacks again",
        "url": "https://understandingwar.org/research/russia-ukraine/russian-offensive-campaign-assessment-updates-2/"
      }
    },
    {
      "type": "Feature",
      "geometry": {
        "type": "Point",
        "coordinates": [
          30.5241361,
          50.4500336
        ]
      },
      "properties": {
        "source": "ISW",
        "date": "2026-06-20",
        "title": "ISW UAV/missile",
        "place": "Kyiv",
        "snippet": "Russian forces struck a hospital in Kyiv City and an American-owned enterprise in Dnipropetrovsk Oblast during missile and long-range drone strikes overnight on January 4 to 5",
        "url": "https://understandingwar.org/research/russia-ukraine/russian-offensive-campaign-assessment-updates-2/"
      }
    },
    {
      "type": "Feature",
      "geometry": {
        "type": "Point",
        "coordinates": [
          30.5241361,
          50.4500336
        ]
      },
      "properties": {
        "source": "ISW",
        "date": "2026-06-20",
        "title": "ISW UAV/missile",
        "place": "Kyiv",
        "snippet": "Geolocated footage published on January 5 shows the Medikom Medical Center burning in Kyiv City following a Russian drone strike.[8] Ukrainian officials reported that the Russian strike against the medical center in Kyiv City killed at least one patient and injured at least three others, and that th",
        "url": "https://understandingwar.org/research/russia-ukraine/russian-offensive-campaign-assessment-updates-2/"
      }
    },
    {
      "type": "Feature",
      "geometry": {
        "type": "Point",
        "coordinates": [
          30.5241361,
          50.4500336
        ]
      },
      "properties": {
        "source": "ISW",
        "date": "2026-06-20",
        "title": "ISW UAV/missile",
        "place": "Kyiv",
        "snippet": "Russian forces struck a hospital in Kyiv City and an American-owned enterprise in Dnipropetrovsk Oblast during missile and long-range drone strikes overnight on January 4 to 5",
        "url": "https://understandingwar.org/research/russia-ukraine/russian-offensive-campaign-assessment-updates-2/"
      }
    },
    {
      "type": "Feature",
      "geometry": {
        "type": "Point",
        "coordinates": [
          97.7453061,
          64.6863136
        ]
      },
      "properties": {
        "source": "ISW",
        "date": "2026-06-20",
        "title": "ISW UAV/missile",
        "place": "Russia",
        "snippet": "Russian Foreign Minister Sergei Lavrov spoke on January 3 with Venezuelan Vice President Delcy Rodr\u00edguez and reiterated the MFA&#8217;s statements during the call.[2] The Russian MFA denied a January 3 report from Reuters claiming that Rodriguez is in Russia.[3] Russian milbloggers responded to the ",
        "url": "https://understandingwar.org/research/russia-ukraine/russian-offensive-campaign-assessment-updates-2/"
      }
    },
    {
      "type": "Feature",
      "geometry": {
        "type": "Point",
        "coordinates": [
          33.296967,
          46.0785065
        ]
      },
      "properties": {
        "source": "ISW",
        "date": "2026-06-20",
        "title": "ISW UAV/missile",
        "place": "Khorly",
        "snippet": "read the full Jan 3 report Russian Offensive Campaign Assessment, January 2, 2026 Toplines Russian officials accused Ukraine of conducting a strike against a hotel and cafe in occupied Khorly, Kherson Oblast, that reportedly killed at least 28 people and injured at least 50, and called for the inten",
        "url": "https://understandingwar.org/research/russia-ukraine/russian-offensive-campaign-assessment-updates-2/"
      }
    },
    {
      "type": "Feature",
      "geometry": {
        "type": "Point",
        "coordinates": [
          32.7916172,
          47.9347712
        ]
      },
      "properties": {
        "source": "ISW",
        "date": "2026-06-20",
        "title": "ISW UAV/missile",
        "place": "Dmytro",
        "snippet": "Ukrainian General Staff Spokesperson Captain Dmytro Lykhovyi responded to the Russian claims on January 1, stating that Russian political and military leadership is spreading disinformation and false statements.[10] Lykhovyi stated that the Ukrainian General Staff published an &#8220;exhaustive&#822",
        "url": "https://understandingwar.org/research/russia-ukraine/russian-offensive-campaign-assessment-updates-2/"
      }
    },
    {
      "type": "Feature",
      "geometry": {
        "type": "Point",
        "coordinates": [
          97.7453061,
          64.6863136
        ]
      },
      "properties": {
        "source": "ISW",
        "date": "2026-06-20",
        "title": "ISW UAV/missile",
        "place": "Russia",
        "snippet": "The Ukrainian Foreign Intelligence Service (SZRU) reported on January 1 that the Kremlin is preparing large scale false flag attacks, likely on the eve of or during Orthodox Christmas (January 6 and 7), at a religious building or other symbolic location in Russia or occupied Ukraine to disrupt US-le",
        "url": "https://understandingwar.org/research/russia-ukraine/russian-offensive-campaign-assessment-updates-2/"
      }
    },
    {
      "type": "Feature",
      "geometry": {
        "type": "Point",
        "coordinates": [
          31.2757862,
          58.5209862
        ]
      },
      "properties": {
        "source": "ISW",
        "date": "2026-06-20",
        "title": "ISW UAV/missile",
        "place": "Novgorod",
        "snippet": "The Russian Ministry of Defense (MoD) continues to present alleged evidence to support its claim that Ukrainian drone strikes targeted Russian President Vladimir Putin\u2019s residence in Novgorod Oblast on the night of December 28 to 29 but this evidence remains unpersuasive",
        "url": "https://understandingwar.org/research/russia-ukraine/russian-offensive-campaign-assessment-updates-2/"
      }
    },
    {
      "type": "Feature",
      "geometry": {
        "type": "Point",
        "coordinates": [
          76.3717045,
          30.3526684
        ]
      },
      "properties": {
        "source": "ISW",
        "date": "2026-06-20",
        "title": "ISW UAV/missile",
        "place": "Directorate",
        "snippet": "The Russian MoD published footage on January 1 showing Russian General Staff\u2019s Main Directorate (GRU) Head Admiral Igor Kostyukov handing over supposed route data and a flight controller of a drone that allegedly targeted Putin&#8217;s residence to the US military attach\u00e9 at the US Embassy in Russia",
        "url": "https://understandingwar.org/research/russia-ukraine/russian-offensive-campaign-assessment-updates-2/"
      }
    },
    {
      "type": "Feature",
      "geometry": {
        "type": "Point",
        "coordinates": [
          31.2757862,
          58.5209862
        ]
      },
      "properties": {
        "source": "ISW",
        "date": "2026-06-20",
        "title": "ISW UAV/missile",
        "place": "Novgorod",
        "snippet": "The Russian Ministry of Defense (MoD) continues to present alleged evidence to support its claim that Ukrainian drone strikes targeted Russian President Vladimir Putin\u2019s residence in Novgorod Oblast on the night of December 28 to 29, but this evidence remains unpersuasive",
        "url": "https://understandingwar.org/research/russia-ukraine/russian-offensive-campaign-assessment-updates-2/"
      }
    },
    {
      "type": "Feature",
      "geometry": {
        "type": "Point",
        "coordinates": [
          11.5325232,
          47.5693317
        ]
      },
      "properties": {
        "source": "ISW",
        "date": "2026-06-20",
        "title": "ISW UAV/missile",
        "place": "Fall",
        "snippet": "Russian forces began employing a new operational template that relies on a prolonged battlefield air interdiction (BAI) campaign, tactical interdiction efforts, infiltration missions, and mass small group assaults that enabled the Russian advances in the Pokrovsk, Oleksandrivka, and Hulyaipole direc",
        "url": "https://understandingwar.org/research/russia-ukraine/russian-offensive-campaign-assessment-updates-2/"
      }
    },
    {
      "type": "Feature",
      "geometry": {
        "type": "Point",
        "coordinates": [
          79.4078956,
          24.0446766
        ]
      },
      "properties": {
        "source": "ISW",
        "date": "2026-06-20",
        "title": "ISW UAV/missile",
        "place": "Summer",
        "snippet": "Russian forces have scaled the production of fiber optic UAVs that are more resistant to Ukrainian electronic warfare (EW) interference and have increased the range of their fiber optic UAVs from roughly seven kilometers in early Spring 2025 to around 20 kilometers in Summer 2025.[4] Russian forces ",
        "url": "https://understandingwar.org/research/russia-ukraine/russian-offensive-campaign-assessment-updates-2/"
      }
    },
    {
      "type": "Feature",
      "geometry": {
        "type": "Point",
        "coordinates": [
          23.4200824,
          48.6499199
        ]
      },
      "properties": {
        "source": "ISW",
        "date": "2026-06-20",
        "title": "ISW UAV/missile",
        "place": "Ukrainian",
        "snippet": "Russian forces have been leveraging rain, fog, and snow, which all constrain Ukrainian reconnaissance and strike drone operations, to conduct attacks according to their new offensive template",
        "url": "https://understandingwar.org/research/russia-ukraine/russian-offensive-campaign-assessment-updates-2/"
      }
    },
    {
      "type": "Feature",
      "geometry": {
        "type": "Point",
        "coordinates": [
          37.3018921,
          48.15015
        ]
      },
      "properties": {
        "source": "ISW",
        "date": "2026-06-20",
        "title": "ISW UAV/missile",
        "place": "Selydove",
        "snippet": "Ukrainian forces have noticeably increased their mid-range strikes against Russian energy military assets throughout December 2025 and appear to have significantly escalated such strikes on December 30 to 31.[23] Ukrainian Unmanned Systems Forces (USF) Commander Major Robert \u201cMagyar\u201d Brovdi reported",
        "url": "https://understandingwar.org/research/russia-ukraine/russian-offensive-campaign-assessment-updates-2/"
      }
    },
    {
      "type": "Feature",
      "geometry": {
        "type": "Point",
        "coordinates": [
          31.2757862,
          58.5209862
        ]
      },
      "properties": {
        "source": "ISW",
        "date": "2026-06-20",
        "title": "ISW UAV/missile",
        "place": "Novgorod",
        "snippet": "Prior to 2025, Russian forces launched their largest strike package against Ukraine on the night of November 16 to 17, 2024, with 210 drones and missiles.[29] Russian forces in 2025 have launched 52 strike packages containing 210 or more projectiles.[30] Russian forces launched their largest-ever st",
        "url": "https://understandingwar.org/research/russia-ukraine/russian-offensive-campaign-assessment-updates-2/"
      }
    },
    {
      "type": "Feature",
      "geometry": {
        "type": "Point",
        "coordinates": [
          32.0461261,
          54.7814057
        ]
      },
      "properties": {
        "source": "ISW",
        "date": "2026-06-20",
        "title": "ISW UAV/missile",
        "place": "Smolensk",
        "snippet": "The Russian MoD posted a map on December 31 of the alleged flight paths of the Ukrainian drones.[41] The map appears to show dozens of drones flying over or near Smolensk City, east of the Russian-Belarusian border",
        "url": "https://understandingwar.org/research/russia-ukraine/russian-offensive-campaign-assessment-updates-2/"
      }
    },
    {
      "type": "Feature",
      "geometry": {
        "type": "Point",
        "coordinates": [
          31.2757862,
          58.5209862
        ]
      },
      "properties": {
        "source": "ISW",
        "date": "2026-06-20",
        "title": "ISW UAV/missile",
        "place": "Novgorod",
        "snippet": "It is also unclear how the Russian MoD would have been able to confirm that drones flying over Bryansk Oblast were targeting Putin&#8217;s residence in Novgorod Oblast, as drones could have been targeting many other areas in various directions from Bryansk",
        "url": "https://understandingwar.org/research/russia-ukraine/russian-offensive-campaign-assessment-updates-2/"
      }
    },
    {
      "type": "Feature",
      "geometry": {
        "type": "Point",
        "coordinates": [
          33.2537994,
          57.9791414
        ]
      },
      "properties": {
        "source": "ISW",
        "date": "2026-06-20",
        "title": "ISW UAV/missile",
        "place": "Valdai",
        "snippet": "The Russian MoD posted footage on December 31 showing a Russian servicemember next to a drone that Russian forces allegedly downed while it was flying toward Novgorod Oblast on the night of December 28 to 29.[42] The servicemember in the footage claimed that the drone was targeting a &#8220;protecte",
        "url": "https://understandingwar.org/research/russia-ukraine/russian-offensive-campaign-assessment-updates-2/"
      }
    },
    {
      "type": "Feature",
      "geometry": {
        "type": "Point",
        "coordinates": [
          120.9933147,
          14.5933141
        ]
      },
      "properties": {
        "source": "ISW",
        "date": "2026-06-20",
        "title": "ISW UAV/missile",
        "place": "Spokesperson",
        "snippet": "The Russian MoD&#8217;s footage of the alleged drone wreckage comes after Kremlin Spokesperson Dmitry Peskov told journalists on December 30 that he does not think there &#8220;should be any evidence&#8221; of the strike, but that questions about any downed drone debris as possible evidence are a ma",
        "url": "https://understandingwar.org/research/russia-ukraine/russian-offensive-campaign-assessment-updates-2/"
      }
    },
    {
      "type": "Feature",
      "geometry": {
        "type": "Point",
        "coordinates": [
          31.2757862,
          58.5209862
        ]
      },
      "properties": {
        "source": "ISW",
        "date": "2026-06-20",
        "title": "ISW UAV/missile",
        "place": "Novgorod",
        "snippet": "The Kremlin is presenting alleged evidence to support its claim that Ukrainian drone strikes targeted Russian President Vladimir Putin&#8217;s residence in Novgorod Oblast on the night of December 28 to 29, but the alleged evidence continues to be unpersuasive",
        "url": "https://understandingwar.org/research/russia-ukraine/russian-offensive-campaign-assessment-updates-2/"
      }
    },
    {
      "type": "Feature",
      "geometry": {
        "type": "Point",
        "coordinates": [
          120.9933147,
          14.5933141
        ]
      },
      "properties": {
        "source": "ISW",
        "date": "2026-06-20",
        "title": "ISW UAV/missile",
        "place": "Spokesperson",
        "snippet": "Kremlin Spokesperson Dmitry Peskov stated on December 30 that he does not think there &#8220;should be any evidence&#8221; of a massive Ukrainian drone strike targeting Putin&#8217;s residence, likely referring to his residence in Valdai, Novgorod Oblast.[1] Peskov responded to a follow-up question ",
        "url": "https://understandingwar.org/research/russia-ukraine/russian-offensive-campaign-assessment-updates-2/"
      }
    },
    {
      "type": "Feature",
      "geometry": {
        "type": "Point",
        "coordinates": [
          34.3668288,
          53.2423778
        ]
      },
      "properties": {
        "source": "ISW",
        "date": "2026-06-20",
        "title": "ISW UAV/missile",
        "place": "Bryansk",
        "snippet": "Bryansk and Smolensk oblasts each contain legitimate military and defense industrial targets that Ukraine plausibly could have targeted on the night of December 28 to 29, and Ukraine has struck objects in Bryansk and Smolensk oblasts before.[5] Any instance of Ukrainian drones flying in Bryansk and ",
        "url": "https://understandingwar.org/research/russia-ukraine/russian-offensive-campaign-assessment-updates-2/"
      }
    },
    {
      "type": "Feature",
      "geometry": {
        "type": "Point",
        "coordinates": [
          31.2757862,
          58.5209862
        ]
      },
      "properties": {
        "source": "ISW",
        "date": "2026-06-20",
        "title": "ISW UAV/missile",
        "place": "Novgorod",
        "snippet": "ISW has still not observed any of the footage or reporting that typically follows Ukrainian deep strikes to corroborate the Kremlin&#8217;s claims of Ukrainian strikes threatening Putin&#8217;s residence in Novgorod Oblast.[6] Russian and Western sources continue to report counter-indicators to a Uk",
        "url": "https://understandingwar.org/research/russia-ukraine/russian-offensive-campaign-assessment-updates-2/"
      }
    },
    {
      "type": "Feature",
      "geometry": {
        "type": "Point",
        "coordinates": [
          120.9933147,
          14.5933141
        ]
      },
      "properties": {
        "source": "ISW",
        "date": "2026-06-20",
        "title": "ISW UAV/missile",
        "place": "Spokesperson",
        "snippet": "Kremlin Spokesperson Dmitry Peskov stated that the Kremlin will &#8220;harden&#8221; its negotiating position following the alleged Ukrainian strike but would not disclose this new stance publicly.[9] Peskov stated that Russia is not withdrawing from the negotiation process but will continue dialogu",
        "url": "https://understandingwar.org/research/russia-ukraine/russian-offensive-campaign-assessment-updates-2/"
      }
    },
    {
      "type": "Feature",
      "geometry": {
        "type": "Point",
        "coordinates": [
          31.2757862,
          58.5209862
        ]
      },
      "properties": {
        "source": "ISW",
        "date": "2026-06-20",
        "title": "ISW UAV/missile",
        "place": "Novgorod",
        "snippet": "read the full DEC 30 report Russian Offensive Campaign Assessment, December 29, 2025 Toplines The Kremlin accused Ukraine of conducting a long-range drone strike targeting Russian President Vladimir Putin&#8217;s residence in Novgorod Oblast on December 29",
        "url": "https://understandingwar.org/research/russia-ukraine/russian-offensive-campaign-assessment-updates-2/"
      }
    },
    {
      "type": "Feature",
      "geometry": {
        "type": "Point",
        "coordinates": [
          31.2757862,
          58.5209862
        ]
      },
      "properties": {
        "source": "ISW",
        "date": "2026-06-20",
        "title": "ISW UAV/missile",
        "place": "Novgorod",
        "snippet": "Russian Foreign Minister Sergey Lavrov claimed that Ukrainian forces launched 91 long-range drones against Putin&#8217;s residence overnight on December 28 to 29 in Novgorod Oblast, likely referring to the residence in Valdai, Novgorod Oblast.[1] Lavrov claimed that Russian forces downed the drones ",
        "url": "https://understandingwar.org/research/russia-ukraine/russian-offensive-campaign-assessment-updates-2/"
      }
    },
    {
      "type": "Feature",
      "geometry": {
        "type": "Point",
        "coordinates": [
          97.7453061,
          64.6863136
        ]
      },
      "properties": {
        "source": "ISW",
        "date": "2026-06-20",
        "title": "ISW UAV/missile",
        "place": "Russia",
        "snippet": "Confirmed Ukrainian strikes in Russia typically generate evidence observable in open sources",
        "url": "https://understandingwar.org/research/russia-ukraine/russian-offensive-campaign-assessment-updates-2/"
      }
    },
    {
      "type": "Feature",
      "geometry": {
        "type": "Point",
        "coordinates": [
          13.8743671,
          48.990259
        ]
      },
      "properties": {
        "source": "ISW",
        "date": "2026-06-20",
        "title": "ISW UAV/missile",
        "place": "Putin",
        "snippet": "ISW has not observed any such footage nor local or regional reporting about Ukrainian strikes near Putin&#8217;s residence to corroborate Lavrov\u2019s claim",
        "url": "https://understandingwar.org/research/russia-ukraine/russian-offensive-campaign-assessment-updates-2/"
      }
    },
    {
      "type": "Feature",
      "geometry": {
        "type": "Point",
        "coordinates": [
          33.2537994,
          57.9791414
        ]
      },
      "properties": {
        "source": "ISW",
        "date": "2026-06-20",
        "title": "ISW UAV/missile",
        "place": "Valdai",
        "snippet": "Sota concluded that Ukraine would have been able to strike Putin&#8217;s residence in Valdai through a &#8220;miracle&#8221; or deliberate Russian military negligence",
        "url": "https://understandingwar.org/research/russia-ukraine/russian-offensive-campaign-assessment-updates-2/"
      }
    },
    {
      "type": "Feature",
      "geometry": {
        "type": "Point",
        "coordinates": [
          -121.2621572,
          37.979919
        ]
      },
      "properties": {
        "source": "ISW",
        "date": "2026-06-20",
        "title": "ISW UAV/missile",
        "place": "August",
        "snippet": "Radio Free Europe/Radio Liberty (RFE/RL)&#8217;s Russia service reported in August 2025 that Russia increased the number of air defense systems defending Valdai from two to 12 from 2022 to August 2025.[6] Ukrainian President Volodymyr Zelensky refuted the alleged strike against Putin&#8217;s residen",
        "url": "https://understandingwar.org/research/russia-ukraine/russian-offensive-campaign-assessment-updates-2/"
      }
    },
    {
      "type": "Feature",
      "geometry": {
        "type": "Point",
        "coordinates": [
          30.5241361,
          50.4500336
        ]
      },
      "properties": {
        "source": "ISW",
        "date": "2026-06-20",
        "title": "ISW UAV/missile",
        "place": "Kyiv",
        "snippet": "[7] Russia has already targeted Ukrainian government buildings in previous long-range strikes, including Ukraine\u2019s Cabinet of Ministers building in Kyiv City in September 2025.[8] Lavrov stated that Russia has determined the targets and timing for retaliatory strikes against Ukraine but did not prov",
        "url": "https://understandingwar.org/research/russia-ukraine/russian-offensive-campaign-assessment-updates-2/"
      }
    },
    {
      "type": "Feature",
      "geometry": {
        "type": "Point",
        "coordinates": [
          31.2757862,
          58.5209862
        ]
      },
      "properties": {
        "source": "ISW",
        "date": "2026-06-20",
        "title": "ISW UAV/missile",
        "place": "Novgorod",
        "snippet": "Polish authorities told RMF24 that the balloon violations may have been testing the response of Polish air surveillance systems.[34] Belarusian balloons frequently violated Lithuanian airspace throughout October and November 2025, often forcing airports to temporarily cease operations.[35] SW contin",
        "url": "https://understandingwar.org/research/russia-ukraine/russian-offensive-campaign-assessment-updates-2/"
      }
    },
    {
      "type": "Feature",
      "geometry": {
        "type": "Point",
        "coordinates": [
          31.2757862,
          58.5209862
        ]
      },
      "properties": {
        "source": "ISW",
        "date": "2026-06-20",
        "title": "ISW UAV/missile",
        "place": "Novgorod",
        "snippet": "Ukrainian President Volodymyr Zelensky refuted the alleged strike against Putin&#8217;s residence in Novgorod Oblast and warned that Russia will use this claim to justify strikes against Kyiv City and Ukrainian government buildings",
        "url": "https://understandingwar.org/research/russia-ukraine/russian-offensive-campaign-assessment-updates-2/"
      }
    },
    {
      "type": "Feature",
      "geometry": {
        "type": "Point",
        "coordinates": [
          30.5241361,
          50.4500336
        ]
      },
      "properties": {
        "source": "ISW",
        "date": "2026-06-20",
        "title": "ISW UAV/missile",
        "place": "Kyiv",
        "snippet": "Ukrainian President Volodymyr Zelensky and other Ukrainian officials stated that Russian strikes primarily targeted energy and civilian infrastructure in Kyiv City and Kyiv Oblast.[10] Ukrainian Prime Minister Yulia Svyrydenko reported that Russian strikes left nearly 600,000 Kyiv City and Kyiv Obla",
        "url": "https://understandingwar.org/research/russia-ukraine/russian-offensive-campaign-assessment-updates-2/"
      }
    },
    {
      "type": "Feature",
      "geometry": {
        "type": "Point",
        "coordinates": [
          37.7809825,
          47.9212914
        ]
      },
      "properties": {
        "source": "ISW",
        "date": "2026-06-20",
        "title": "ISW UAV/missile",
        "place": "Donetsk",
        "snippet": "Russian President Vladimir Putin and high-ranking Russian military officials continue to claim that Russian forces are continuously making advances along the entire frontline, but Russian failures to protect the flanks while focusing on Hulyaipole belies Russia\u2019s actual ability to do so.[58] Russian",
        "url": "https://understandingwar.org/research/russia-ukraine/russian-offensive-campaign-assessment-updates-2/"
      }
    },
    {
      "type": "Feature",
      "geometry": {
        "type": "Point",
        "coordinates": [
          97.7453061,
          64.6863136
        ]
      },
      "properties": {
        "source": "ISW",
        "date": "2026-06-20",
        "title": "ISW UAV/missile",
        "place": "Russian",
        "snippet": "[60] Zelensky stated on December 26 that Russian forces are using Belarusian territory to bypass Ukrainian drone interception systems and credited the increase in Russian Shahed drone strikes against western Ukraine to Russia&#8217;s exploitation of Belarusian territory and technical means to enable",
        "url": "https://understandingwar.org/research/russia-ukraine/russian-offensive-campaign-assessment-updates-2/"
      }
    },
    {
      "type": "Feature",
      "geometry": {
        "type": "Point",
        "coordinates": [
          24.6627893,
          51.5451167
        ]
      },
      "properties": {
        "source": "ISW",
        "date": "2026-06-20",
        "title": "ISW UAV/missile",
        "place": "Volyn",
        "snippet": "Zelensky noted the December 26 Russian drone strikes against the Kovel railway station in Volyn Oblast (64 kilometers south of the Belarusian border), which reportedly damaged Lviv Railway&#8217;s locomotive and a freight wagon and shattered windows at a locomotive depot workshop.[61] Russian forces",
        "url": "https://understandingwar.org/research/russia-ukraine/russian-offensive-campaign-assessment-updates-2/"
      }
    },
    {
      "type": "Feature",
      "geometry": {
        "type": "Point",
        "coordinates": [
          41.0123453,
          2.7962307
        ]
      },
      "properties": {
        "source": "ISW",
        "date": "2026-06-20",
        "title": "ISW UAV/missile",
        "place": "October",
        "snippet": "The Sudoplatov Battalion produces drones and trains drone operators, eventually becoming an official drone supplier of the Russian MoD.[68] BBC Russia noted that an award ceremony in October 2025 introduced Vaganov as an advisor to the Russian deputy defense minister for armaments",
        "url": "https://understandingwar.org/research/russia-ukraine/russian-offensive-campaign-assessment-updates-2/"
      }
    },
    {
      "type": "Feature",
      "geometry": {
        "type": "Point",
        "coordinates": [
          31.2718321,
          49.4871968
        ]
      },
      "properties": {
        "source": "ISW",
        "date": "2026-06-20",
        "title": "ISW UAV/missile",
        "place": "Ukraine",
        "snippet": "The MoD published footage of a servicemember of the new regiment with an MMD patch, indicating that the new regiment is directly subordinated to the MMD and is intended to operate as a Grouping of Forces-level unit, similar to the 7th Unmanned Systems Regiment that is reportedly under the operationa",
        "url": "https://understandingwar.org/research/russia-ukraine/russian-offensive-campaign-assessment-updates-2/"
      }
    },
    {
      "type": "Feature",
      "geometry": {
        "type": "Point",
        "coordinates": [
          31.2718321,
          49.4871968
        ]
      },
      "properties": {
        "source": "ISW",
        "date": "2026-06-20",
        "title": "ISW UAV/missile",
        "place": "Ukraine",
        "snippet": "Russian forces continue to strike energy infrastructure in Ukraine and particularly targeted critical infrastructure in Chernihiv Oblast overnight on December 23 and 24",
        "url": "https://understandingwar.org/research/russia-ukraine/russian-offensive-campaign-assessment-updates-2/"
      }
    },
    {
      "type": "Feature",
      "geometry": {
        "type": "Point",
        "coordinates": [
          31.7417235,
          51.272593
        ]
      },
      "properties": {
        "source": "ISW",
        "date": "2026-06-20",
        "title": "ISW UAV/missile",
        "place": "Chernihiv",
        "snippet": "The Ukrainian Air Force reported that Russian forces directed a significant number of drones against critical infrastructure facilities in Chernihiv Oblast and that 48 drones struck 19 locations as of 0830 local time",
        "url": "https://understandingwar.org/research/russia-ukraine/russian-offensive-campaign-assessment-updates-2/"
      }
    },
    {
      "type": "Feature",
      "geometry": {
        "type": "Point",
        "coordinates": [
          34.8027723,
          50.9119775
        ]
      },
      "properties": {
        "source": "ISW",
        "date": "2026-06-20",
        "title": "ISW UAV/missile",
        "place": "Sumy",
        "snippet": "Ukrainian state energy operator Ukrenergo reported power outages in Sumy, Dnipropetrovsk, Kherson, Kharkiv, and Chernihiv oblasts following the overnight strikes.[29] Chernihiv City and Oblast officials reported that Russian forces struck critical and energy infrastructure in Chernihiv Raion on the ",
        "url": "https://understandingwar.org/research/russia-ukraine/russian-offensive-campaign-assessment-updates-2/"
      }
    },
    {
      "type": "Feature",
      "geometry": {
        "type": "Point",
        "coordinates": [
          31.2718321,
          49.4871968
        ]
      },
      "properties": {
        "source": "ISW",
        "date": "2026-06-20",
        "title": "ISW UAV/missile",
        "place": "Ukraine",
        "snippet": "Russian forces continue to strike energy infrastructure in Ukraine and particularly targeted critical infrastructure in Chernihiv Oblast overnight on December 23 and 24",
        "url": "https://understandingwar.org/research/russia-ukraine/russian-offensive-campaign-assessment-updates-2/"
      }
    },
    {
      "type": "Feature",
      "geometry": {
        "type": "Point",
        "coordinates": [
          -99.7473431,
          36.6169786
        ]
      },
      "properties": {
        "source": "ISW",
        "date": "2026-06-20",
        "title": "ISW UAV/missile",
        "place": "May",
        "snippet": "One milblogger claimed that the density of Ukrainian first-person view (FPV) drone and artillery strikes is such that even heavily protected vehicles cannot withstand multiple hits and are eventually immobilized.[21] The milblogger noted that experience has &#8220;repeatedly shown&#8221; that mechan",
        "url": "https://understandingwar.org/research/russia-ukraine/russian-offensive-campaign-assessment-updates-2/"
      }
    },
    {
      "type": "Feature",
      "geometry": {
        "type": "Point",
        "coordinates": [
          97.7453061,
          64.6863136
        ]
      },
      "properties": {
        "source": "ISW",
        "date": "2026-06-20",
        "title": "ISW UAV/missile",
        "place": "Russia",
        "snippet": "The milblogger particularly noted Ukraine&#8217;s ability to strike the depth of the Russian Dobropillya salient from positions north of Myrnohrad and Pokrovsk and observed that rivers and the lack of bridges, anti-tank ditches, and lowlands in the area also constrain Russia&#8217;s ability to maneu",
        "url": "https://understandingwar.org/research/russia-ukraine/russian-offensive-campaign-assessment-updates-2/"
      }
    },
    {
      "type": "Feature",
      "geometry": {
        "type": "Point",
        "coordinates": [
          31.2718321,
          49.4871968
        ]
      },
      "properties": {
        "source": "ISW",
        "date": "2026-06-20",
        "title": "ISW UAV/missile",
        "place": "Ukraine",
        "snippet": "Geolocated footage published on December 21 shows Russian infantry (about two squads totaling around 15 infantry) attacking Ukrainian positions in northern Sotnytskyi Kozachok (northwest of Kharkiv City, about 15 kilometers east of Grayvoron, Belgorod Oblast, and less than half a kilometer from the ",
        "url": "https://understandingwar.org/research/russia-ukraine/russian-offensive-campaign-assessment-updates-2/"
      }
    },
    {
      "type": "Feature",
      "geometry": {
        "type": "Point",
        "coordinates": [
          18.8504173,
          -33.9066532
        ]
      },
      "properties": {
        "source": "ISW",
        "date": "2026-06-20",
        "title": "ISW UAV/missile",
        "place": "September",
        "snippet": "Elements of the 34th Motorized Rifle Brigade, which Russian sources credited with the seizure of Hrabovske, have been operating in the border area since at least December 2024.[16] Russian forces, rather, have redeployed forces and means away from Sumy Oblast since Summer 2025, including elite airbo",
        "url": "https://understandingwar.org/research/russia-ukraine/russian-offensive-campaign-assessment-updates-2/"
      }
    },
    {
      "type": "Feature",
      "geometry": {
        "type": "Point",
        "coordinates": [
          34.8027723,
          50.9119775
        ]
      },
      "properties": {
        "source": "ISW",
        "date": "2026-06-20",
        "title": "ISW UAV/missile",
        "place": "Sumy",
        "snippet": "[20] Russian forces have not conducted a sustained battlefield air interdiction (BAI) campaign with drones against operational and tactical rear areas along the international border in northern Sumy and Kharkiv oblasts to prepare the battlefield for ground assaults, as the Russian forces have done i",
        "url": "https://understandingwar.org/research/russia-ukraine/russian-offensive-campaign-assessment-updates-2/"
      }
    },
    {
      "type": "Feature",
      "geometry": {
        "type": "Point",
        "coordinates": [
          29.9505623,
          40.7721138
        ]
      },
      "properties": {
        "source": "ISW",
        "date": "2026-06-20",
        "title": "ISW UAV/missile",
        "place": "Izmit",
        "snippet": "The Turkish Interior Ministry reported on December 19 that Turkish authorities found a downed Russian Orlan-10 reconnaissance drone near Izmit in northwestern Turkey.[18] Turkish outlets reported on December 20 that a third drone crashed in Bal\u0131kesir Province in northwestern Turkey, possibly on an e",
        "url": "https://understandingwar.org/research/russia-ukraine/russian-offensive-campaign-assessment-updates-2/"
      }
    },
    {
      "type": "Feature",
      "geometry": {
        "type": "Point",
        "coordinates": [
          31.2718321,
          49.4871968
        ]
      },
      "properties": {
        "source": "ISW",
        "date": "2026-06-20",
        "title": "ISW UAV/missile",
        "place": "Ukraine",
        "snippet": "Sources in Ukraine&#8217;s Security Service (SBU) told several Ukrainian outlets on December 19 that the SBU struck the QENDIL, a Russian shadow fleet tanker, with unspecified aerial drones in the neutral waters of the Mediterranean Sea.[32] The sources noted that the ship was not carrying cargo at ",
        "url": "https://understandingwar.org/research/russia-ukraine/russian-offensive-campaign-assessment-updates-2/"
      }
    },
    {
      "type": "Feature",
      "geometry": {
        "type": "Point",
        "coordinates": [
          31.2718321,
          49.4871968
        ]
      },
      "properties": {
        "source": "ISW",
        "date": "2026-06-20",
        "title": "ISW UAV/missile",
        "place": "Ukraine",
        "snippet": "Ukrainian military intelligence similarly reported to Ukrainian outlets about strikes against Russian shadow fleet vessels in late November and early December 2025.[33]&nbsp;&nbsp; Key Takeaways Russian President Vladimir Putin used his annual Direct Line televised press conference on December 19 to",
        "url": "https://understandingwar.org/research/russia-ukraine/russian-offensive-campaign-assessment-updates-2/"
      }
    },
    {
      "type": "Feature",
      "geometry": {
        "type": "Point",
        "coordinates": [
          31.2718321,
          49.4871968
        ]
      },
      "properties": {
        "source": "ISW",
        "date": "2026-06-20",
        "title": "ISW UAV/missile",
        "place": "Ukraine",
        "snippet": "Belousov laid out a series of technological and tactical adaptations that Russian forces have made on the battlefield in the last year, including the increased use of drones for reconnaissance and fire missions, the effectiveness of the Russian Rubikon Center for Advanced Unmanned Technologies, the ",
        "url": "https://understandingwar.org/research/russia-ukraine/russian-offensive-campaign-assessment-updates-2/"
      }
    },
    {
      "type": "Feature",
      "geometry": {
        "type": "Point",
        "coordinates": [
          37.6141992,
          49.7132963
        ]
      },
      "properties": {
        "source": "ISW",
        "date": "2026-06-20",
        "title": "ISW UAV/missile",
        "place": "Kupyansk",
        "snippet": "Russian state sources, including the Western Grouping of Forces (GoF) and an unnamed source from the Russian Joint GoF, claimed that Russian forces retained control over Kupyansk and accused Ukrainian President Volodymyr Zelensky of falsifying the December 11 video that he took in Kupyansk.[11] Some",
        "url": "https://understandingwar.org/research/russia-ukraine/russian-offensive-campaign-assessment-updates-2/"
      }
    },
    {
      "type": "Feature",
      "geometry": {
        "type": "Point",
        "coordinates": [
          37.7809825,
          47.9212914
        ]
      },
      "properties": {
        "source": "ISW",
        "date": "2026-06-20",
        "title": "ISW UAV/missile",
        "place": "Donetsk",
        "snippet": "The Kremlin has consistently indicated that it will reject any peace deals that offer reliable security guarantees for Ukraine, and is highly unlikely to accept a settlement that contains any provisions safeguarding Ukrainian territorial integrity.[3] The Kremlin notably effectively rejected the pro",
        "url": "https://understandingwar.org/research/russia-ukraine/russian-offensive-campaign-assessment-updates-2/"
      }
    },
    {
      "type": "Feature",
      "geometry": {
        "type": "Point",
        "coordinates": [
          38.9772396,
          45.0351532
        ]
      },
      "properties": {
        "source": "ISW",
        "date": "2026-06-20",
        "title": "ISW UAV/missile",
        "place": "Krasnodar",
        "snippet": "The Ukrainian Security Service (SBU) published footage on December 15, which was later geolocated, showing Ukrainian \u201cSub Sea Baby\u201d UUVs strike a Russian Project 636 Varshavyanka-class (NATO Kilo-class) submarine docked at the Novorossiysk Naval Base in Krasnodar Krai, causing explosions and critica",
        "url": "https://understandingwar.org/research/russia-ukraine/russian-offensive-campaign-assessment-updates-2/"
      }
    },
    {
      "type": "Feature",
      "geometry": {
        "type": "Point",
        "coordinates": [
          41.0123453,
          2.7962307
        ]
      },
      "properties": {
        "source": "ISW",
        "date": "2026-06-20",
        "title": "ISW UAV/missile",
        "place": "October",
        "snippet": "National Aeronautics and Space Administration Fire Information for Resource Management System (NASA FIRMS) data published on December 15 indicates that there were fires near the Novorossiysk Naval Base.[11] Russian forces previously docked Kilo-class submarines in occupied Crimea and the Sevastopol ",
        "url": "https://understandingwar.org/research/russia-ukraine/russian-offensive-campaign-assessment-updates-2/"
      }
    },
    {
      "type": "Feature",
      "geometry": {
        "type": "Point",
        "coordinates": [
          37.7690711,
          44.7239578
        ]
      },
      "properties": {
        "source": "ISW",
        "date": "2026-06-20",
        "title": "ISW UAV/missile",
        "place": "Novorossiysk",
        "snippet": "Ukraine\u2019s strike against the Kilo-class submarine in Novorossiysk shows that Ukrainian forces continue to modernize and optimize their unmanned capabilities such that Ukraine can strike Russian military targets at a range that Russian forces previously thought safe",
        "url": "https://understandingwar.org/research/russia-ukraine/russian-offensive-campaign-assessment-updates-2/"
      }
    },
    {
      "type": "Feature",
      "geometry": {
        "type": "Point",
        "coordinates": [
          37.6141992,
          49.7132963
        ]
      },
      "properties": {
        "source": "ISW",
        "date": "2026-06-20",
        "title": "ISW UAV/missile",
        "place": "Kupyansk",
        "snippet": "Ukrainian Joint Forces Group Spokesperson Colonel Viktor Trehubov reported on December 15 that Ukrainian forces continue clearing operations within Kupyansk and are avoiding engaging in urban combat, and that Russian forces are using unmanned aerial vehicles (UAVs) to supply the grouping of around 1",
        "url": "https://understandingwar.org/research/russia-ukraine/russian-offensive-campaign-assessment-updates-2/"
      }
    },
    {
      "type": "Feature",
      "geometry": {
        "type": "Point",
        "coordinates": [
          20.5176655,
          50.042262
        ]
      },
      "properties": {
        "source": "ISW",
        "date": "2026-06-20",
        "title": "ISW UAV/missile",
        "place": "Zatoka",
        "snippet": "Geolocated footage published on December 15 shows Russian long range drones and glide bombs striking a bridge on the P-70 Odesa City- Bilhorod-Dnistrovskyi highway over the Dneister River in Zatoka, Odesa Oblast, on December 14.[20] Russian milbloggers claimed on December 14 that Russian forces stru",
        "url": "https://understandingwar.org/research/russia-ukraine/russian-offensive-campaign-assessment-updates-2/"
      }
    },
    {
      "type": "Feature",
      "geometry": {
        "type": "Point",
        "coordinates": [
          31.7417235,
          51.272593
        ]
      },
      "properties": {
        "source": "ISW",
        "date": "2026-06-20",
        "title": "ISW UAV/missile",
        "place": "Chernihiv",
        "snippet": "Ukrainian energy expert Volodymyr Omelchenko stated that Russian forces launch regular combined strikes every seven to 10 days to maximize energy deficits and target infrastructure that is undergoing repairs after the previous strike.[27] Omelchenko noted that Russian forces are constantly targeting",
        "url": "https://understandingwar.org/research/russia-ukraine/russian-offensive-campaign-assessment-updates-2/"
      }
    },
    {
      "type": "Feature",
      "geometry": {
        "type": "Point",
        "coordinates": [
          41.0123453,
          2.7962307
        ]
      },
      "properties": {
        "source": "ISW",
        "date": "2026-06-20",
        "title": "ISW UAV/missile",
        "place": "October",
        "snippet": "Russian forces launched 9,298 drones and 270 missiles in October 2025, 5,444 drones and 216 missiles in November 2025, and 2,757 drones and 91 missiles in December 2025 as of December 15.[28] ISW has previously observed reports that Russian forces are engaging in a large-scale strike campaign that t",
        "url": "https://understandingwar.org/research/russia-ukraine/russian-offensive-campaign-assessment-updates-2/"
      }
    },
    {
      "type": "Feature",
      "geometry": {
        "type": "Point",
        "coordinates": [
          97.7453061,
          64.6863136
        ]
      },
      "properties": {
        "source": "ISW",
        "date": "2026-06-20",
        "title": "ISW UAV/missile",
        "place": "Russia",
        "snippet": "Ukraine\u2019s long-range strike campaign continues to degrade Russia\u2019s oil refining and military capabilities in Russia and occupied Ukraine",
        "url": "https://understandingwar.org/research/russia-ukraine/russian-offensive-campaign-assessment-updates-2/"
      }
    },
    {
      "type": "Feature",
      "geometry": {
        "type": "Point",
        "coordinates": [
          38.9772396,
          45.0351532
        ]
      },
      "properties": {
        "source": "ISW",
        "date": "2026-06-20",
        "title": "ISW UAV/missile",
        "place": "Krasnodar",
        "snippet": "The Ukrainian General Staff reported on December 14 that Ukrainian forces struck the Afipsky Oil Refinery in Krasnodar Krai, causing explosions and a large-scale fire.[15] Geolocated footage published on December 14 shows large-scale fire on the refinery\u2019s territory.[16] Ukrainian military outlet Mi",
        "url": "https://understandingwar.org/research/russia-ukraine/russian-offensive-campaign-assessment-updates-2/"
      }
    },
    {
      "type": "Feature",
      "geometry": {
        "type": "Point",
        "coordinates": [
          97.7453061,
          64.6863136
        ]
      },
      "properties": {
        "source": "ISW",
        "date": "2026-06-20",
        "title": "ISW UAV/missile",
        "place": "Russia",
        "snippet": "Ukraine\u2019s long-range strike campaign continues to degrade Russia\u2019s oil refining and military capabilities in Russia and occupied Ukraine",
        "url": "https://understandingwar.org/research/russia-ukraine/russian-offensive-campaign-assessment-updates-2/"
      }
    },
    {
      "type": "Feature",
      "geometry": {
        "type": "Point",
        "coordinates": [
          26.0746572,
          50.104817
        ]
      },
      "properties": {
        "source": "ISW",
        "date": "2026-06-20",
        "title": "ISW UAV/missile",
        "place": "Myrove",
        "snippet": "Geolocated footage published on December 12 indicates that Ukrainian forces made further advances in central Kupyansk while conducting clearing operations and also advanced southeast of Petropavlivka (east of Kupyansk).[1] Ukrainian military observer Yuriy Butusov reported that Ukrainian forces comp",
        "url": "https://understandingwar.org/research/russia-ukraine/russian-offensive-campaign-assessment-updates-2/"
      }
    },
    {
      "type": "Feature",
      "geometry": {
        "type": "Point",
        "coordinates": [
          37.6141992,
          49.7132963
        ]
      },
      "properties": {
        "source": "ISW",
        "date": "2026-06-20",
        "title": "ISW UAV/missile",
        "place": "Kupyansk",
        "snippet": "Butusov stated that drone operators of the Russian Unmanned Systems Forces, Rubikon Center for Advanced Unmanned Technologies, the Sudniy Den (Judgement Day) drone project (reportedly part of the Sudoplatov Battalion), and 7th Motorized Rifle Regiment (11th Army Corps [AC], LMD) had created a &#8220",
        "url": "https://understandingwar.org/research/russia-ukraine/russian-offensive-campaign-assessment-updates-2/"
      }
    },
    {
      "type": "Feature",
      "geometry": {
        "type": "Point",
        "coordinates": [
          30.7322878,
          46.4843023
        ]
      },
      "properties": {
        "source": "ISW",
        "date": "2026-06-20",
        "title": "ISW UAV/missile",
        "place": "Odesa",
        "snippet": "Ukrainian officials reported that Russian forces struck civilian energy, residential, and port infrastructure in Odesa, Dnipropetrovsk, Cherkasy, Chernihiv, Kirovohrad, Kherson, and Mykolaiv oblasts, injuring at least eight civilians.[15] Ukrainian President Volodymyr Zelensky and the Ukrainian Ener",
        "url": "https://understandingwar.org/research/russia-ukraine/russian-offensive-campaign-assessment-updates-2/"
      }
    },
    {
      "type": "Feature",
      "geometry": {
        "type": "Point",
        "coordinates": [
          39.0494106,
          34.6401861
        ]
      },
      "properties": {
        "source": "ISW",
        "date": "2026-06-20",
        "title": "ISW UAV/missile",
        "place": "Syria",
        "snippet": "Putin created Rosgvardia in 2016 with the official mission of ensuring public order and guarding against terrorist attacks, but Rosgvardia possesses extensive conventional military capabilities and has active combat experience consistent with a conventional military.[24] Rosgvardia demonstrated comb",
        "url": "https://understandingwar.org/research/russia-ukraine/russian-offensive-campaign-assessment-updates-2/"
      }
    },
    {
      "type": "Feature",
      "geometry": {
        "type": "Point",
        "coordinates": [
          38.0902435,
          48.8676267
        ]
      },
      "properties": {
        "source": "ISW",
        "date": "2026-06-20",
        "title": "ISW UAV/missile",
        "place": "Siversk",
        "snippet": "[18] 3rd CAA Commander Lieutenant General Igor Kuzmenkov claimed that Russian forces flanked Siversk from the north and south to cut off Ukrainian ground lines of communication (GLOCs) and avoid urban warfare, and relied heavily on drones, artillery, and airstrikes to facilitate advances near and wi",
        "url": "https://understandingwar.org/research/russia-ukraine/russian-offensive-campaign-assessment-updates-2/"
      }
    },
    {
      "type": "Feature",
      "geometry": {
        "type": "Point",
        "coordinates": [
          31.2718321,
          49.4871968
        ]
      },
      "properties": {
        "source": "ISW",
        "date": "2026-06-20",
        "title": "ISW UAV/missile",
        "place": "Ukraine",
        "snippet": "Sources within Ukraine&#8217;s Security Service (SBU) told Ukrainian broadcaster Suspilne and a person familiar with the matter told Bloomberg on December 11 that at least four Ukrainian long-range drones struck Lukoil-Nizhnevolzhskneft&#8217;s Filanovsky Oil Field in the Caspian Sea overnight, halt",
        "url": "https://understandingwar.org/research/russia-ukraine/russian-offensive-campaign-assessment-updates-2/"
      }
    },
    {
      "type": "Feature",
      "geometry": {
        "type": "Point",
        "coordinates": [
          120.9933147,
          14.5933141
        ]
      },
      "properties": {
        "source": "ISW",
        "date": "2026-06-20",
        "title": "ISW UAV/missile",
        "place": "Spokesperson",
        "snippet": "Zelensky stated on December 9 that Ukraine is ready to agree to an &#8220;energy truce&#8221; with Russia and implied that Ukraine would halt its strikes against Russian energy infrastructure if Russia ceased its strikes against Ukrainian energy infrastructure.[13] Ukrainian forces have been systema",
        "url": "https://understandingwar.org/research/russia-ukraine/russian-offensive-campaign-assessment-updates-2/"
      }
    },
    {
      "type": "Feature",
      "geometry": {
        "type": "Point",
        "coordinates": [
          31.2718321,
          49.4871968
        ]
      },
      "properties": {
        "source": "ISW",
        "date": "2026-06-20",
        "title": "ISW UAV/missile",
        "place": "Ukraine",
        "snippet": "Sources in Ukraine&#8217;s Main Military Intelligence Directorate (GUR)&#8217;s Public Administration told Ukrainian broadcaster Suspilne on December 10 that the Kremlin is attempting to strengthen its presence in Transnistria by calling up reservists, bringing weapons out of storage, and launching ",
        "url": "https://understandingwar.org/research/russia-ukraine/russian-offensive-campaign-assessment-updates-2/"
      }
    },
    {
      "type": "Feature",
      "geometry": {
        "type": "Point",
        "coordinates": [
          29.6217132,
          46.8466932
        ]
      },
      "properties": {
        "source": "ISW",
        "date": "2026-06-20",
        "title": "ISW UAV/missile",
        "place": "Transnistria",
        "snippet": "Russian forces have been successfully conducting strikes into Ukrainian rear areas at an operational depth (about 25 to 100 kilometers) across the theater using specialized drone units and likely could transfer some of these capabilities to units stationed in Transnistria.[35] The Kremlin likely see",
        "url": "https://understandingwar.org/research/russia-ukraine/russian-offensive-campaign-assessment-updates-2/"
      }
    },
    {
      "type": "Feature",
      "geometry": {
        "type": "Point",
        "coordinates": [
          31.2718321,
          49.4871968
        ]
      },
      "properties": {
        "source": "ISW",
        "date": "2026-06-20",
        "title": "ISW UAV/missile",
        "place": "Ukraine",
        "snippet": "weather factors) that Russian forces have managed to exploit to make tactically significant advances, but Ukraine\u2019s drone defenses overall have denied Russian forces the ability to use armored vehicles and conduct mechanized maneuver and have forced Russian forces into grinding attritional infantry ",
        "url": "https://understandingwar.org/research/russia-ukraine/russian-offensive-campaign-assessment-updates-2/"
      }
    },
    {
      "type": "Feature",
      "geometry": {
        "type": "Point",
        "coordinates": [
          31.9978695,
          50.9478651
        ]
      },
      "properties": {
        "source": "ISW",
        "date": "2026-06-20",
        "title": "ISW UAV/missile",
        "place": "Staryi",
        "snippet": "The Kharkiv Oblast Infrastructure Restoration and Development Service reported on December 7 that Russian forces struck a bridge near Staryi Saltiv (east of Kharkiv City and roughly 16 kilometers from the frontline), forcing Ukrainian authorities to close the T-2111 Chuhuiv-Velykyi Burluk road near ",
        "url": "https://understandingwar.org/research/russia-ukraine/russian-offensive-campaign-assessment-updates-2/"
      }
    },
    {
      "type": "Feature",
      "geometry": {
        "type": "Point",
        "coordinates": [
          36.61159,
          49.54559
        ]
      },
      "properties": {
        "source": "ISW",
        "date": "2026-06-20",
        "title": "ISW UAV/missile",
        "place": "Andriivka",
        "snippet": "Geolocated footage published on December 6 shows Russian drone strikes against a mined bridge across the Haichur River in central Andriivka (southwest of Oleksandrivka and north of Hulyaipole).[10] ISW continues to assess that Russia\u2019s ability to cross the Haichur River will likely be the determinin",
        "url": "https://understandingwar.org/research/russia-ukraine/russian-offensive-campaign-assessment-updates-2/"
      }
    },
    {
      "type": "Feature",
      "geometry": {
        "type": "Point",
        "coordinates": [
          30.5241361,
          50.4500336
        ]
      },
      "properties": {
        "source": "ISW",
        "date": "2026-06-20",
        "title": "ISW UAV/missile",
        "place": "Kyiv",
        "snippet": "Ukrainian officials reported that Russian forces struck civilian rail, energy, residential, and port infrastructure in Kyiv, Dnipropetrovsk, Chernihiv, Zaporizhia, Odesa, Lviv, Volyn, and Mykolaiv oblasts.[2] Ukraine&#8217;s Energy Ministry reported that Russian forces struck electricity generation,",
        "url": "https://understandingwar.org/research/russia-ukraine/russian-offensive-campaign-assessment-updates-2/"
      }
    },
    {
      "type": "Feature",
      "geometry": {
        "type": "Point",
        "coordinates": [
          30.5241361,
          50.4500336
        ]
      },
      "properties": {
        "source": "ISW",
        "date": "2026-06-20",
        "title": "ISW UAV/missile",
        "place": "Kyiv",
        "snippet": "Ukrainian State Inspectorate for Energy Supervision Deputy Head Anatoliy Zamulko reported that Russian forces struck facilities that redistribute electricity between Ukrainian regions, forcing Ukrainian nuclear power plants (NPPs) to reduce their electricity generation capacity.[4] Ukrainian Preside",
        "url": "https://understandingwar.org/research/russia-ukraine/russian-offensive-campaign-assessment-updates-2/"
      }
    },
    {
      "type": "Feature",
      "geometry": {
        "type": "Point",
        "coordinates": [
          37.2591,
          48.30791
        ]
      },
      "properties": {
        "source": "ISW",
        "date": "2026-06-20",
        "title": "ISW UAV/missile",
        "place": "Myrnohrad",
        "snippet": "Geolocated footage published on December 6 shows three Ukrainian servicemembers raising a flag on Yakuba Kolasa Alley in northern Pokrovsk, indicating that Ukrainian forces still maintain positions within the town.[12] Ukrainian Commander-in-Chief General Oleksandr Syrskyi also stated in an intervie",
        "url": "https://understandingwar.org/research/russia-ukraine/russian-offensive-campaign-assessment-updates-2/"
      }
    },
    {
      "type": "Feature",
      "geometry": {
        "type": "Point",
        "coordinates": [
          78.6677428,
          22.3511148
        ]
      },
      "properties": {
        "source": "ISW",
        "date": "2026-06-20",
        "title": "ISW UAV/missile",
        "place": "India",
        "snippet": "Head of the Russian state-owned defense conglomerate Rostec, Sergey Chemezov, stated on December 5 that Russia is in discussions with India to localize production of Russian drones, such as Lancet loitering munitions, in India.[23] Russian President Vladimir Putin gave an interview on December 4 to ",
        "url": "https://understandingwar.org/research/russia-ukraine/russian-offensive-campaign-assessment-updates-2/"
      }
    },
    {
      "type": "Feature",
      "geometry": {
        "type": "Point",
        "coordinates": [
          78.6677428,
          22.3511148
        ]
      },
      "properties": {
        "source": "ISW",
        "date": "2026-06-20",
        "title": "ISW UAV/missile",
        "place": "India",
        "snippet": "Putin and Chemezov&#8217;s statements suggest that the Kremlin is considering expanding joint weapon production in India to drones that Russia would very likely use on the battlefield in Ukraine, possibly in exchange for Russian technological innovations and lessons learned in Ukraine",
        "url": "https://understandingwar.org/research/russia-ukraine/russian-offensive-campaign-assessment-updates-2/"
      }
    },
    {
      "type": "Feature",
      "geometry": {
        "type": "Point",
        "coordinates": [
          78.6677428,
          22.3511148
        ]
      },
      "properties": {
        "source": "ISW",
        "date": "2026-06-20",
        "title": "ISW UAV/missile",
        "place": "India",
        "snippet": "A Kremlin-affiliated milblogger notably reported on December 5 that a delegation of the Smolensk Oblast First Person View (FPV) Drone Piloting Center arrived in India to complete objectives within the framework of the Russian-Indian strategic partnership.[25] The milblogger added that the center has",
        "url": "https://understandingwar.org/research/russia-ukraine/russian-offensive-campaign-assessment-updates-2/"
      }
    },
    {
      "type": "Feature",
      "geometry": {
        "type": "Point",
        "coordinates": [
          97.7453061,
          64.6863136
        ]
      },
      "properties": {
        "source": "ISW",
        "date": "2026-06-20",
        "title": "ISW UAV/missile",
        "place": "Russia",
        "snippet": "Russia is reportedly localizing Garpiya drone production in the PRC, and PRC-origin drone components have been critical in Russia&#8217;s efforts to adapt its drones to gain battlefield advantages.[27] North Korea has reportedly started mass production of short range FPV drones and medium range stri",
        "url": "https://understandingwar.org/research/russia-ukraine/russian-offensive-campaign-assessment-updates-2/"
      }
    },
    {
      "type": "Feature",
      "geometry": {
        "type": "Point",
        "coordinates": [
          37.2591,
          48.30791
        ]
      },
      "properties": {
        "source": "ISW",
        "date": "2026-06-20",
        "title": "ISW UAV/missile",
        "place": "Myrnohrad",
        "snippet": "ISW continues to assess that Russian forces will very likely complete the seizure of Pokrovsk and Myrnohrad after a 21-month campaign, though the timing and operational implications of these seizures remain unclear at this time.[8] Although ISW has not observed visual evidence or official Ukrainian ",
        "url": "https://understandingwar.org/research/russia-ukraine/russian-offensive-campaign-assessment-updates-2/"
      }
    },
    {
      "type": "Feature",
      "geometry": {
        "type": "Point",
        "coordinates": [
          20.3991281,
          44.8118035
        ]
      },
      "properties": {
        "source": "ISW",
        "date": "2026-06-20",
        "title": "ISW UAV/missile",
        "place": "Finist",
        "snippet": "French Defense Minister Catherine Vautrin confirmed on December 5 that the French military used unspecified means to intercept the drones over the \u00cele Longue base in Finist\u00e8re, which houses France\u2019s four nuclear ballistic missile submarines (SSBNs).[19] French military sources told Agence France-Pre",
        "url": "https://understandingwar.org/research/russia-ukraine/russian-offensive-campaign-assessment-updates-2/"
      }
    },
    {
      "type": "Feature",
      "geometry": {
        "type": "Point",
        "coordinates": [
          30.7322878,
          46.4843023
        ]
      },
      "properties": {
        "source": "ISW",
        "date": "2026-06-20",
        "title": "ISW UAV/missile",
        "place": "Odesa",
        "snippet": "Putin responded to an alleged Ukrainian attack against a Russian-flagged tanker off the coast of Turkey on December 2, threatening to strike Ukrainian ports, ships traveling to Ukrainian ports, and vessels of states helping Ukraine.[15] Putin also threatened to cut Ukraine off from the Black Sea \u2013 p",
        "url": "https://understandingwar.org/research/russia-ukraine/russian-offensive-campaign-assessment-updates-2/"
      }
    },
    {
      "type": "Feature",
      "geometry": {
        "type": "Point",
        "coordinates": [
          37.2591,
          48.30791
        ]
      },
      "properties": {
        "source": "ISW",
        "date": "2026-06-20",
        "title": "ISW UAV/missile",
        "place": "Myrnohrad",
        "snippet": "Ukraine&#8217;s 7th Rapid Reaction Corps of the Air Assault Forces Spokesperson Colonel Volodymyr Polevyi refuted claims that Russian forces had surrounded Ukrainian forces in Myrnohrad, reporting that Ukrainian forces continue to conduct rotations and limited logistics within the town.[18] ISW has ",
        "url": "https://understandingwar.org/research/russia-ukraine/russian-offensive-campaign-assessment-updates-2/"
      }
    },
    {
      "type": "Feature",
      "geometry": {
        "type": "Point",
        "coordinates": [
          37.2291246,
          47.9172764
        ]
      },
      "properties": {
        "source": "ISW",
        "date": "2026-06-20",
        "title": "ISW UAV/missile",
        "place": "Uspenivka",
        "snippet": "Elements of the 5th CAA achieved a tactical breakthrough north and northeast of Hulyaipole after seizing a tactical bridgehead over the Yanchur River near Uspenivka (on the west bank of the Yanchur River) in November 2025.[24] Ukrainian military sources reported that Russian forces were able to adva",
        "url": "https://understandingwar.org/research/russia-ukraine/russian-offensive-campaign-assessment-updates-2/"
      }
    },
    {
      "type": "Feature",
      "geometry": {
        "type": "Point",
        "coordinates": [
          24.2563161,
          50.2909116
        ]
      },
      "properties": {
        "source": "ISW",
        "date": "2026-06-20",
        "title": "ISW UAV/missile",
        "place": "Sosnivka",
        "snippet": "Mashovets noted that Ukrainian counterattacks in recent weeks have pushed elements of the 36th CAA back near Sosnivka (southeast of Velykomykhailivka and just south of the Vorona River) and allowed Ukrainian forces to maintain a bridgehead between Orestopil and Novoselivka (northwest and northeast o",
        "url": "https://understandingwar.org/research/russia-ukraine/russian-offensive-campaign-assessment-updates-2/"
      }
    },
    {
      "type": "Feature",
      "geometry": {
        "type": "Point",
        "coordinates": [
          31.2718321,
          49.4871968
        ]
      },
      "properties": {
        "source": "ISW",
        "date": "2026-06-20",
        "title": "ISW UAV/missile",
        "place": "Ukraine",
        "snippet": "The Turkish Ministry of Transport and Infrastructure stated on December 2 that the MIDVOLGA-2 tanker reported that unspecified actors attacked it 80 miles off the coast of Turkey while it was transporting sunflower oil from Russia to Georgia.[32] Ukrainian Ministry of Foreign Affairs (MFA) Spokesper",
        "url": "https://understandingwar.org/research/russia-ukraine/russian-offensive-campaign-assessment-updates-2/"
      }
    },
    {
      "type": "Feature",
      "geometry": {
        "type": "Point",
        "coordinates": [
          5.0570168,
          44.7135534
        ]
      },
      "properties": {
        "source": "ISW",
        "date": "2026-06-20",
        "title": "ISW UAV/missile",
        "place": "Initiative",
        "snippet": "Russia notably aimed to impose a de facto blockade on Ukrainian ports by withdrawing from the 2022-2023 Black Sea Grain Initiative, which allowed cargo ships to sail between ports in Odesa Oblast and the Bosphorus Strait without fear of Russian strikes.[38] Russia aimed to use the Black Sea Fleet (B",
        "url": "https://understandingwar.org/research/russia-ukraine/russian-offensive-campaign-assessment-updates-2/"
      }
    },
    {
      "type": "Feature",
      "geometry": {
        "type": "Point",
        "coordinates": [
          74.6953689,
          30.9461533
        ]
      },
      "properties": {
        "source": "ISW",
        "date": "2026-06-20",
        "title": "ISW UAV/missile",
        "place": "June",
        "snippet": "Ukraine&#8217;s missile and drone strike campaign starting in June 2023, however, largely inhibited Russia&#8217;s ability to use the BSF",
        "url": "https://understandingwar.org/research/russia-ukraine/russian-offensive-campaign-assessment-updates-2/"
      }
    },
    {
      "type": "Feature",
      "geometry": {
        "type": "Point",
        "coordinates": [
          30.7322878,
          46.4843023
        ]
      },
      "properties": {
        "source": "ISW",
        "date": "2026-06-20",
        "title": "ISW UAV/missile",
        "place": "Odesa",
        "snippet": "Putin stated that Russia&#8217;s &#8220;most radical&#8221; response to the December 2 strike on the tanker would be to cut Ukraine off from the Black Sea \u2013 possibly threatening to try to seize territory on Ukraine&#8217;s Black Sea coast in Odesa and Mykolaiv oblasts.[40] Ukrainian Presidential Off",
        "url": "https://understandingwar.org/research/russia-ukraine/russian-offensive-campaign-assessment-updates-2/"
      }
    },
    {
      "type": "Feature",
      "geometry": {
        "type": "Point",
        "coordinates": [
          37.6063916,
          55.625578
        ]
      },
      "properties": {
        "source": "ISW",
        "date": "2026-06-20",
        "title": "ISW UAV/missile",
        "place": "Moscow",
        "snippet": "Ukrainian electronic and radio warfare expert Serhiy \u201cFlash\u201d Beskrestnov reported on December 2 that Russian forces have begun striking Ukrainian mobile fire teams operating in moving vehicles with Shahed-type drones.[44] A Kremlin-affiliated Russian milblogger noted on December 2 that recent Russia",
        "url": "https://understandingwar.org/research/russia-ukraine/russian-offensive-campaign-assessment-updates-2/"
      }
    },
    {
      "type": "Feature",
      "geometry": {
        "type": "Point",
        "coordinates": [
          120.9933147,
          14.5933141
        ]
      },
      "properties": {
        "source": "ISW",
        "date": "2026-06-19",
        "title": "ISW UAV/missile",
        "place": "Spokesperson",
        "snippet": "Lavrov also reiterated in his June 19 essay that Russia\u2018s maximalist demands include ensuring security of Russia\u2019s western borders and European \u201cguarantees\u201d to respect Russian citizens\u2018 right to use the Russian language and protections of the Orthodox faith.[8] Neither the US nor Russia has released",
        "url": "https://understandingwar.org/research/russia-ukraine/russian-offensive-campaign-assessment-june-19-2026/"
      }
    },
    {
      "type": "Feature",
      "geometry": {
        "type": "Point",
        "coordinates": [
          97.7453061,
          64.6863136
        ]
      },
      "properties": {
        "source": "ISW",
        "date": "2026-06-19",
        "title": "ISW UAV/missile",
        "place": "Russia",
        "snippet": "ISW previously assessed that the Kremlin has exerted rising pressure on Nabiullina to lower the key interest rate to maintain the facade that Russia\u2019s economy is stable and expand capital availability for the war industry despite expansionary fiscal policies exacerbating Russian inflation.[23] The R",
        "url": "https://understandingwar.org/research/russia-ukraine/russian-offensive-campaign-assessment-june-19-2026/"
      }
    },
    {
      "type": "Feature",
      "geometry": {
        "type": "Point",
        "coordinates": [
          120.9933147,
          14.5933141
        ]
      },
      "properties": {
        "source": "ISW",
        "date": "2026-06-19",
        "title": "ISW UAV/missile",
        "place": "Spokesperson",
        "snippet": "Kremlin Spokesperson Dmitry Peskov and Russian Foreign Minister Sergei Lavrov acknowledged the Ukrainian June 18 strikes on Moscow City and started to set information conditions to continue and intensify strike packages against Ukraine",
        "url": "https://understandingwar.org/research/russia-ukraine/russian-offensive-campaign-assessment-june-19-2026/"
      }
    },
    {
      "type": "Feature",
      "geometry": {
        "type": "Point",
        "coordinates": [
          37.6063916,
          55.625578
        ]
      },
      "properties": {
        "source": "ISW",
        "date": "2026-06-19",
        "title": "ISW UAV/missile",
        "place": "Moscow",
        "snippet": "The Ukrainian General Staff reported on June 19 that Ukrainian strikes on the Moscow Oil Refinery (also known as the Kapotnya Refinery) on June 17 to 18 damaged the primary oil refining unit, three RVS-10,000 tanks, and one RVS-30,000 tank, and noted that the refinery suspended oil refining operatio",
        "url": "https://understandingwar.org/research/russia-ukraine/russian-offensive-campaign-assessment-june-19-2026/"
      }
    },
    {
      "type": "Feature",
      "geometry": {
        "type": "Point",
        "coordinates": [
          -75.4429717,
          40.9449315
        ]
      },
      "properties": {
        "source": "ISW",
        "date": "2026-06-19",
        "title": "ISW UAV/missile",
        "place": "Effort",
        "snippet": "Russian Subordinate Main Effort #2 \u2013 Oskil River Russian objective: Cross the Oskil River in Kharkiv Oblast and push westward into eastern Kharkiv Oblast and northern Donetsk Oblast Russian forces continued limited offensive operations in the Kupyansk direction on June 18 and 19 but did not make con",
        "url": "https://understandingwar.org/research/russia-ukraine/russian-offensive-campaign-assessment-june-19-2026/"
      }
    },
    {
      "type": "Feature",
      "geometry": {
        "type": "Point",
        "coordinates": [
          38.66432,
          48.50361
        ]
      },
      "properties": {
        "source": "ISW",
        "date": "2026-06-19",
        "title": "ISW UAV/missile",
        "place": "Bryanka",
        "snippet": "Ukrainian Unmanned Systems Forces (USF) Commander Major Robert \u201cMagyar\u201d Brovdi reported on June 19 that Ukrainian forces struck a Russian fuel and lubricants storage tank near Bryanka (roughly 63 kilometers from the frontline), MT-LB armored fighting vehicles (AFVs) near Tarasivka (roughly 39 kilome",
        "url": "https://understandingwar.org/research/russia-ukraine/russian-offensive-campaign-assessment-june-19-2026/"
      }
    },
    {
      "type": "Feature",
      "geometry": {
        "type": "Point",
        "coordinates": [
          37.9465811,
          48.8995521
        ]
      },
      "properties": {
        "source": "ISW",
        "date": "2026-06-19",
        "title": "ISW UAV/missile",
        "place": "Zakitne",
        "snippet": "Geolocated footage published on June 19 shows a Russian servicemember raising a flag in central Lyman in what ISW assesses was a Russian infiltration mission.[44] The spokesperson for a Ukrainian brigade operating in the Lyman direction reported on June 18 that Russian forces are infiltrating into Z",
        "url": "https://understandingwar.org/research/russia-ukraine/russian-offensive-campaign-assessment-june-19-2026/"
      }
    },
    {
      "type": "Feature",
      "geometry": {
        "type": "Point",
        "coordinates": [
          30.2750575,
          46.416632
        ]
      },
      "properties": {
        "source": "ISW",
        "date": "2026-06-19",
        "title": "ISW UAV/missile",
        "place": "Mayaky",
        "snippet": "Geolocated footage published on June 17 shows a Russian FAB-3000 glide bomb strike against a river crossing over the Siverskyi Donets River near Mayaky.[55] The Russian MOD claimed that the strike destroyed the bridge, but a Kremlin-affiliated milblogger claimed that the strike severely damaged but ",
        "url": "https://understandingwar.org/research/russia-ukraine/russian-offensive-campaign-assessment-june-19-2026/"
      }
    },
    {
      "type": "Feature",
      "geometry": {
        "type": "Point",
        "coordinates": [
          37.524945,
          48.6198614
        ]
      },
      "properties": {
        "source": "ISW",
        "date": "2026-06-19",
        "title": "ISW UAV/missile",
        "place": "Druzhkivka",
        "snippet": "A Ukrainian brigade operating in the Druzhkivka direction reported on June 19 that Russian forces continue conducting drone strikes against Ukrainian GLOCs near Druzhkivka but are unable to completely halt traffic in the area.[63] Russian forces continued limited offensive operations in the Dobropil",
        "url": "https://understandingwar.org/research/russia-ukraine/russian-offensive-campaign-assessment-june-19-2026/"
      }
    },
    {
      "type": "Feature",
      "geometry": {
        "type": "Point",
        "coordinates": [
          37.5499621,
          47.0957648
        ]
      },
      "properties": {
        "source": "ISW",
        "date": "2026-06-19",
        "title": "ISW UAV/missile",
        "place": "Mariupol",
        "snippet": "The Ukrainian General Staff reported on June 19 that Ukrainian forces struck a Russian fuel and lubricants warehouse near Mariupol (roughly 115 kilometers from the frontline).[71] A Russian milblogger claimed that Ukrainian forces are striking vehicles along rural roads in occupied Donetsk Oblast, i",
        "url": "https://understandingwar.org/research/russia-ukraine/russian-offensive-campaign-assessment-june-19-2026/"
      }
    },
    {
      "type": "Feature",
      "geometry": {
        "type": "Point",
        "coordinates": [
          11.2804729,
          46.0913624
        ]
      },
      "properties": {
        "source": "ISW",
        "date": "2026-06-19",
        "title": "ISW UAV/missile",
        "place": "Mala",
        "snippet": "Geolocated footage published on June 18 indicates that Ukrainian forces recently advanced northwest of Solodke (northeast of Hulyaipole).[73] Russian forces continued limited ground operations in western Zaporizhia Oblast on June 18 and 19 but did not make confirmed advances.[74] A Russian milblogge",
        "url": "https://understandingwar.org/research/russia-ukraine/russian-offensive-campaign-assessment-june-19-2026/"
      }
    },
    {
      "type": "Feature",
      "geometry": {
        "type": "Point",
        "coordinates": [
          97.7453061,
          64.6863136
        ]
      },
      "properties": {
        "source": "ISW",
        "date": "2026-06-19",
        "title": "ISW UAV/missile",
        "place": "Russian",
        "snippet": "Russian forces regularly conduct \u201chuman safari\u201d strikes across the frontline \u2014 using tactical drones to \u201chunt\u201d civilians and civilian infrastructure.[81] ISW has observed increases in Russian forces&#8217; use of human safari tactics against west bank Kherson Oblast, in particular, in recent weeks.[",
        "url": "https://understandingwar.org/research/russia-ukraine/russian-offensive-campaign-assessment-june-19-2026/"
      }
    },
    {
      "type": "Feature",
      "geometry": {
        "type": "Point",
        "coordinates": [
          33.0844009,
          45.5076252
        ]
      },
      "properties": {
        "source": "ISW",
        "date": "2026-06-19",
        "title": "ISW UAV/missile",
        "place": "Dozorne",
        "snippet": "Brovdi reported that Ukrainian forces struck the Hlibivske gas condensate field near Dozorne and the Hlibivkse research center near Vnykove (both about 127 kilometers from the frontline), a locomotive near Rozdolne, and a Repeynik portable radar system near occupied Kamyanske (about 223 kilometers f",
        "url": "https://understandingwar.org/research/russia-ukraine/russian-offensive-campaign-assessment-june-19-2026/"
      }
    },
    {
      "type": "Feature",
      "geometry": {
        "type": "Point",
        "coordinates": [
          34.9501715,
          48.662589
        ]
      },
      "properties": {
        "source": "ISW",
        "date": "2026-06-19",
        "title": "ISW UAV/missile",
        "place": "Dnipropetrovsk",
        "snippet": "Ukrainian officials reported that Russian forces struck transportation, residential, civilian, energy, and commercial infrastructure in Dnipropetrovsk, Kherson, Mykolaiv, Odesa, Sumy, and Zaporizhia oblasts.[90] The Ukrainian Energy Ministry reported that Russian strikes caused power outages in Dnip",
        "url": "https://understandingwar.org/research/russia-ukraine/russian-offensive-campaign-assessment-june-19-2026/"
      }
    },
    {
      "type": "Feature",
      "geometry": {
        "type": "Point",
        "coordinates": [
          27.6971358,
          53.4250605
        ]
      },
      "properties": {
        "source": "ISW",
        "date": "2026-06-19",
        "title": "ISW UAV/missile",
        "place": "Belarus",
        "snippet": "Ukrainian Ministry of Defense (MoD) advisor on defense technology and drone and electronic warfare (EW) expert Serhiy \u201cFlash\u201d Beskrestnov reported on June 19 that Russian forces are producing a new Molniya-2 variant strike drone called the \u201cLightning-13\u201d that has four engines and a 13-kilogram warhe",
        "url": "https://understandingwar.org/research/russia-ukraine/russian-offensive-campaign-assessment-june-19-2026/"
      }
    },
    {
      "type": "Feature",
      "geometry": {
        "type": "Point",
        "coordinates": [
          27.6971358,
          53.4250605
        ]
      },
      "properties": {
        "source": "ISW",
        "date": "2026-06-19",
        "title": "ISW UAV/missile",
        "place": "Belarus",
        "snippet": "Zelensky stated on June 19 that he is giving Belarusian President Alexander Lukashenko a week (until June 26) to dismantle communications equipment in Belarus along the Belarusian-Ukrainian border that Russian uses for strikes against Ukraine, and noted that Ukrainian forces will dismantle the equip",
        "url": "https://understandingwar.org/research/russia-ukraine/russian-offensive-campaign-assessment-june-19-2026/"
      }
    },
    {
      "type": "Feature",
      "geometry": {
        "type": "Point",
        "coordinates": [
          97.7453061,
          64.6863136
        ]
      },
      "properties": {
        "source": "ISW",
        "date": "2026-06-19",
        "title": "ISW UAV/missile",
        "place": "Russia",
        "snippet": "Zelensky previously claimed that Russian forces used Belarus for &#8220;technical means&#8221; to bypass Ukrainian drone interception systems and launch Shahed drone strikes against western Ukraine.[95] Belarus officials continue to weaponize claims of a recent alleged Ukrainian strike on a civilian",
        "url": "https://understandingwar.org/research/russia-ukraine/russian-offensive-campaign-assessment-june-19-2026/"
      }
    },
    {
      "type": "Feature",
      "geometry": {
        "type": "Point",
        "coordinates": [
          34.3668288,
          53.2423778
        ]
      },
      "properties": {
        "source": "ISW",
        "date": "2026-06-19",
        "title": "ISW UAV/missile",
        "place": "Bryansk",
        "snippet": "[96] Belarusian Permanent Representative to the statutory and other bodies of the Commonwealth of Independent States (CIS), Igor Nazaruk, stated on June 19 that Belarus reserves the right to take action \u201cwith regard to Ukraine\u201d to protect the security of Belarusian citizens.[97] Russian and Belarusi",
        "url": "https://understandingwar.org/research/russia-ukraine/russian-offensive-campaign-assessment-june-19-2026/"
      }
    },
    {
      "type": "Feature",
      "geometry": {
        "type": "Point",
        "coordinates": [
          5.9579471,
          50.4497063
        ]
      },
      "properties": {
        "source": "ISW",
        "date": "2026-06-18",
        "title": "ISW UAV/missile",
        "place": "Open-Source",
        "snippet": "Petraeus Center for Emerging Leaders Hertog War Studies ISW\u2019s Premier Educational Program for Undergraduates Fellowships Enrichment and Advancement Opportunities for Entry-Level and Mid-Career Professionals Internships Launch your Career at ISW with an Internship in Open-Source Intelligence, Geospat",
        "url": "https://understandingwar.org/research/russia-ukraine/russian-offensive-campaign-assessment-june-18-2026/"
      }
    },
    {
      "type": "Feature",
      "geometry": {
        "type": "Point",
        "coordinates": [
          37.6063916,
          55.625578
        ]
      },
      "properties": {
        "source": "ISW",
        "date": "2026-06-18",
        "title": "ISW UAV/missile",
        "place": "Moscow",
        "snippet": "The Ukrainian General Staff reported that Ukrainian forces struck the Moscow Oil Refinery (also known as the Kapotnya Refinery) near Moscow City and started a fire at five locations in the refinery, including at the combined oil refining unit, a secondary processing unit, and an oil tank farm.[1] Uk",
        "url": "https://understandingwar.org/research/russia-ukraine/russian-offensive-campaign-assessment-june-18-2026/"
      }
    },
    {
      "type": "Feature",
      "geometry": {
        "type": "Point",
        "coordinates": [
          39.9486772,
          48.0460281
        ]
      },
      "properties": {
        "source": "ISW",
        "date": "2026-06-18",
        "title": "ISW UAV/missile",
        "place": "Gukovo",
        "snippet": "Rostov Oblast Governor Yuriy Slyusar acknowledged a drone strike and fire in Gukovo.[11] Geolocated footage published on June 17 shows a fire near the Gukovo Oil Depot.[12] Yaroslavl Oblast Governor Mikhail Evrayev claimed that Ukrainian drone strikes forced Russian authorities to close traffic on t",
        "url": "https://understandingwar.org/research/russia-ukraine/russian-offensive-campaign-assessment-june-18-2026/"
      }
    },
    {
      "type": "Feature",
      "geometry": {
        "type": "Point",
        "coordinates": [
          97.7453061,
          64.6863136
        ]
      },
      "properties": {
        "source": "ISW",
        "date": "2026-06-18",
        "title": "ISW UAV/missile",
        "place": "Russian",
        "snippet": "Petersburg demonstrate growing vulnerabilities in Russian air defenses and dilemmas in how the Kremlin chooses to interact with the domestic costs of the war it started.[20] Ukraine&#8217;s overnight strike series was able to generate substantial damages, even as a Russian milblogger claimed that Ru",
        "url": "https://understandingwar.org/research/russia-ukraine/russian-offensive-campaign-assessment-june-18-2026/"
      }
    },
    {
      "type": "Feature",
      "geometry": {
        "type": "Point",
        "coordinates": [
          97.7453061,
          64.6863136
        ]
      },
      "properties": {
        "source": "ISW",
        "date": "2026-06-18",
        "title": "ISW UAV/missile",
        "place": "Russia",
        "snippet": "The Kremlin is already setting conditions to weaponize claims of a recent alleged Ukrainian strike on a civilian passenger bus in Russia to justify its next massive long-range strike package against Ukraine",
        "url": "https://understandingwar.org/research/russia-ukraine/russian-offensive-campaign-assessment-june-18-2026/"
      }
    },
    {
      "type": "Feature",
      "geometry": {
        "type": "Point",
        "coordinates": [
          34.3668288,
          53.2423778
        ]
      },
      "properties": {
        "source": "ISW",
        "date": "2026-06-18",
        "title": "ISW UAV/missile",
        "place": "Bryansk",
        "snippet": "Ukraine&#8217;s Security Service (SBU) reported on June 18 that it intercepted official internal Russian reports concluding that Ukraine did not strike a passenger bus in Bryansk Oblast on June 17, refuting Russian and Belarusian officials&#8217; claims that Ukrainian forces conducted a drone strike",
        "url": "https://understandingwar.org/research/russia-ukraine/russian-offensive-campaign-assessment-june-18-2026/"
      }
    },
    {
      "type": "Feature",
      "geometry": {
        "type": "Point",
        "coordinates": [
          10.4478313,
          51.1638175
        ]
      },
      "properties": {
        "source": "ISW",
        "date": "2026-06-18",
        "title": "ISW UAV/missile",
        "place": "Germany",
        "snippet": "German Defense Minister Boris Pistorius announced on June 18 that Germany will allocate $200 million to PURL and $200 million to the JUMPSTART program, which supports the purchase of PAC-3 interceptor missiles for Patriot air defense systems for Ukraine.[31] Pistorius stated that Ukraine and Germany",
        "url": "https://understandingwar.org/research/russia-ukraine/russian-offensive-campaign-assessment-june-18-2026/"
      }
    },
    {
      "type": "Feature",
      "geometry": {
        "type": "Point",
        "coordinates": [
          97.7453061,
          64.6863136
        ]
      },
      "properties": {
        "source": "ISW",
        "date": "2026-06-18",
        "title": "ISW UAV/missile",
        "place": "Russia",
        "snippet": "The Kremlin is already setting conditions to weaponize claims of a recent alleged Ukrainian strike on a civilian passenger bus in Russia to justify its next massive long-range strike package against Ukraine",
        "url": "https://understandingwar.org/research/russia-ukraine/russian-offensive-campaign-assessment-june-18-2026/"
      }
    },
    {
      "type": "Feature",
      "geometry": {
        "type": "Point",
        "coordinates": [
          39.8933705,
          57.6263877
        ]
      },
      "properties": {
        "source": "ISW",
        "date": "2026-06-18",
        "title": "ISW UAV/missile",
        "place": "Yaroslavl",
        "snippet": "The Ukrainian General Staff reported on June 18 that Ukraine&#8217;s June 14 strikes against the Palkino Oil Pumping Station in Yaroslavl Oblast (roughly 660 kilometers from the international border) destroyed seven tanks with a total volume of 95,000 cubic meters.[37] The Ukrainian General Staff re",
        "url": "https://understandingwar.org/research/russia-ukraine/russian-offensive-campaign-assessment-june-18-2026/"
      }
    },
    {
      "type": "Feature",
      "geometry": {
        "type": "Point",
        "coordinates": [
          36.5733963,
          48.5033882
        ]
      },
      "properties": {
        "source": "ISW",
        "date": "2026-06-18",
        "title": "ISW UAV/missile",
        "place": "Ukrainske",
        "snippet": "The Kharkiv Oblast Prosecutor\u2019s Office reported on June 18 that Russian forces conducted an FPV drone strike against two civilians in Ukrainske, Chuhuiv raion (northwest of Velykyi Burluk), on the morning of June 18, killing one and injuring the other.[44] Russian forces regularly conduct \u201chuman saf",
        "url": "https://understandingwar.org/research/russia-ukraine/russian-offensive-campaign-assessment-june-18-2026/"
      }
    },
    {
      "type": "Feature",
      "geometry": {
        "type": "Point",
        "coordinates": [
          37.8043,
          49.18167
        ]
      },
      "properties": {
        "source": "ISW",
        "date": "2026-06-18",
        "title": "ISW UAV/missile",
        "place": "Ridkodub",
        "snippet": "[50] A Russian milblogger and a source reporting on the Russian Western Grouping of Forces claimed that Ukrainian forces counterattacked near Ridkodub, Nove, and Novyi Myr (all southeast of Borova) and Yatskivka and Karpivka (bout south of Borova).[51] Ukrainian forces are expanding their intermedia",
        "url": "https://understandingwar.org/research/russia-ukraine/russian-offensive-campaign-assessment-june-18-2026/"
      }
    },
    {
      "type": "Feature",
      "geometry": {
        "type": "Point",
        "coordinates": [
          30.37273,
          46.02756
        ]
      },
      "properties": {
        "source": "ISW",
        "date": "2026-06-18",
        "title": "ISW UAV/missile",
        "place": "Serhiivka",
        "snippet": "The Russian Ministry of Defense (MoD) claimed on June 18 that Russian Aerospace Forces (VKS) conducted FAB-500 or -1000 guided glide bomb strike against Ukrainian forces near Serhiivka and Mykolaivka (both northwest of Druzhkivka).[67] Russian forces continued offensive operations in the Dobropillya",
        "url": "https://understandingwar.org/research/russia-ukraine/russian-offensive-campaign-assessment-june-18-2026/"
      }
    },
    {
      "type": "Feature",
      "geometry": {
        "type": "Point",
        "coordinates": [
          35.1182867,
          47.8507859
        ]
      },
      "properties": {
        "source": "ISW",
        "date": "2026-06-18",
        "title": "ISW UAV/missile",
        "place": "Zaporizhzhia",
        "snippet": "The Russian military command is reportedly directing army-level formations to intensify strikes on civilian targets in Zaporizhzhia City",
        "url": "https://understandingwar.org/research/russia-ukraine/russian-offensive-campaign-assessment-june-18-2026/"
      }
    },
    {
      "type": "Feature",
      "geometry": {
        "type": "Point",
        "coordinates": [
          -73.9599242,
          41.3926455
        ]
      },
      "properties": {
        "source": "ISW",
        "date": "2026-06-18",
        "title": "ISW UAV/missile",
        "place": "Military",
        "snippet": "Ukraine&#8217;s Main Military Intelligence Directorate (GUR) reported on June 18 that the Russian military command ordered the 58th Combined Arms Army (CAA, Southern Military District [SMD]) to intensify first-person view (FPV) drone strikes on civilian targets in Zaporizhzhia City and that the Russ",
        "url": "https://understandingwar.org/research/russia-ukraine/russian-offensive-campaign-assessment-june-18-2026/"
      }
    },
    {
      "type": "Feature",
      "geometry": {
        "type": "Point",
        "coordinates": [
          11.5325232,
          47.5693317
        ]
      },
      "properties": {
        "source": "ISW",
        "date": "2026-06-18",
        "title": "ISW UAV/missile",
        "place": "Fall",
        "snippet": "A Kremlin-affiliated Russian milblogger claimed on June 18 that Rubikon drone units continue to conduct strikes against Ukrainian drone infrastructure and have begun conducting anti-drone air defense activity along Russian forces\u2019 logistics routes, particularly along the M-14 Rostov-Crimea highway.[",
        "url": "https://understandingwar.org/research/russia-ukraine/russian-offensive-campaign-assessment-june-18-2026/"
      }
    },
    {
      "type": "Feature",
      "geometry": {
        "type": "Point",
        "coordinates": [
          34.9501715,
          48.662589
        ]
      },
      "properties": {
        "source": "ISW",
        "date": "2026-06-18",
        "title": "ISW UAV/missile",
        "place": "Dnipropetrovsk",
        "snippet": "Ukrainian officials reported that Russian strikes damaged educational, residential, commercial, and energy infrastructure in Dnipropetrovsk, Kyiv, and Poltava oblasts.[90] The Ukrainian Energy Ministry reported that Russian strikes caused power outages in Donetsk, Zaporizhia, Mykolaiv, Poltava, and ",
        "url": "https://understandingwar.org/research/russia-ukraine/russian-offensive-campaign-assessment-june-18-2026/"
      }
    },
    {
      "type": "Feature",
      "geometry": {
        "type": "Point",
        "coordinates": [
          31.2718321,
          49.4871968
        ]
      },
      "properties": {
        "source": "ISW",
        "date": "2026-06-17",
        "title": "ISW UAV/missile",
        "place": "Ukraine",
        "snippet": "German Chancellor Friedrich Merz responded on June 17 to a question about German defense companies&#8217; possible involvement in licensed weapons production in Ukraine, stating that the participating states will separately discuss the &#8220;broad licensing,&#8221; including for European manufactur",
        "url": "https://understandingwar.org/research/russia-ukraine/russian-offensive-campaign-assessment-june-17-2026/"
      }
    },
    {
      "type": "Feature",
      "geometry": {
        "type": "Point",
        "coordinates": [
          97.7453061,
          64.6863136
        ]
      },
      "properties": {
        "source": "ISW",
        "date": "2026-06-17",
        "title": "ISW UAV/missile",
        "place": "Russia",
        "snippet": "A Kremlin-affiliated Russian milblogger acknowledged on June 17 that Russia&#8217;s increased oil exports are partly due to decline in Russia\u2019s oil refining capacity.[14] The US sanctions waiver for Russian oil and petroleum products on vessels at sea is set to expire on June 17 and the United State",
        "url": "https://understandingwar.org/research/russia-ukraine/russian-offensive-campaign-assessment-june-17-2026/"
      }
    },
    {
      "type": "Feature",
      "geometry": {
        "type": "Point",
        "coordinates": [
          34.3668288,
          53.2423778
        ]
      },
      "properties": {
        "source": "ISW",
        "date": "2026-06-17",
        "title": "ISW UAV/missile",
        "place": "Bryansk",
        "snippet": "Acting Bryansk Oblast Governor Yegor Kovalchuk claimed on June 17 that Ukrainian forces conducted a drone strike against a passenger bus in Bryansk Oblast that was transporting a children&#8217;s Belarusian soccer team from Gomel, Belarus, to Gelendzhik, Krasnodar Krai, killing a woman and injuring ",
        "url": "https://understandingwar.org/research/russia-ukraine/russian-offensive-campaign-assessment-june-17-2026/"
      }
    },
    {
      "type": "Feature",
      "geometry": {
        "type": "Point",
        "coordinates": [
          31.2718321,
          49.4871968
        ]
      },
      "properties": {
        "source": "ISW",
        "date": "2026-06-17",
        "title": "ISW UAV/missile",
        "place": "Ukraine",
        "snippet": "Belarusian officials also condemned the alleged Ukrainian strike.[20] Belarusian rhetoric paralleled that of Russia with claims that Ukraine conducted the strike in order to provoke a &#8220;harsh&#8221; Belarusian response and escalate the war.[21] Russian and Belarusian claims about the alleged Ju",
        "url": "https://understandingwar.org/research/russia-ukraine/russian-offensive-campaign-assessment-june-17-2026/"
      }
    },
    {
      "type": "Feature",
      "geometry": {
        "type": "Point",
        "coordinates": [
          34.8027723,
          50.9119775
        ]
      },
      "properties": {
        "source": "ISW",
        "date": "2026-06-17",
        "title": "ISW UAV/missile",
        "place": "Sumy",
        "snippet": "Russian sources previously claimed that Russian authorities restricted civilian aircraft flights in the Moscow air zone between zero and 5,100 meters starting on June 1, 2026.[24] ISW continues to assess that Russia has largely failed to defend its rear against Ukrainian strikes and that growing air",
        "url": "https://understandingwar.org/research/russia-ukraine/russian-offensive-campaign-assessment-june-17-2026/"
      }
    },
    {
      "type": "Feature",
      "geometry": {
        "type": "Point",
        "coordinates": [
          -75.4429717,
          40.9449315
        ]
      },
      "properties": {
        "source": "ISW",
        "date": "2026-06-17",
        "title": "ISW UAV/missile",
        "place": "Effort",
        "snippet": "Russian Subordinate Main Effort #2 \u2013 Oskil River Russian objective: Cross the Oskil River in Kharkiv Oblast and push westward into eastern Kharkiv Oblast and northern Donetsk Oblast Russian forces continued offensive operations on June 16 and 17 in the Kupyansk direction but did not advance.[29] Rus",
        "url": "https://understandingwar.org/research/russia-ukraine/russian-offensive-campaign-assessment-june-17-2026/"
      }
    },
    {
      "type": "Feature",
      "geometry": {
        "type": "Point",
        "coordinates": [
          76.3717045,
          30.3526684
        ]
      },
      "properties": {
        "source": "ISW",
        "date": "2026-06-17",
        "title": "ISW UAV/missile",
        "place": "Directorate",
        "snippet": "Donetsk Oblast National Police Main Directorate reported on June 17 that Russian forces used an FPV drone to strike and kill a Ukrainian civilian in Druzhkivka.[48] Russian forces regularly conduct \u201chuman safari\u201d strikes across the frontline \u2014 using tactical drones to \u201chunt\u201d civilians and civilian i",
        "url": "https://understandingwar.org/research/russia-ukraine/russian-offensive-campaign-assessment-june-17-2026/"
      }
    },
    {
      "type": "Feature",
      "geometry": {
        "type": "Point",
        "coordinates": [
          22.750779,
          48.4197875
        ]
      },
      "properties": {
        "source": "ISW",
        "date": "2026-06-17",
        "title": "ISW UAV/missile",
        "place": "Velyka",
        "snippet": "The Ukrainian General Staff reported on June 17 that Ukrainian forces struck a Russian command and observation control point in Velyka Novosilka (roughly 20 kilometers from the frontline).[58] Geolocated footage published on June 17 shows Ukrainian forces striking a ammunitions depot of the Russian ",
        "url": "https://understandingwar.org/research/russia-ukraine/russian-offensive-campaign-assessment-june-17-2026/"
      }
    },
    {
      "type": "Feature",
      "geometry": {
        "type": "Point",
        "coordinates": [
          29.0544518,
          46.77088
        ]
      },
      "properties": {
        "source": "ISW",
        "date": "2026-06-17",
        "title": "ISW UAV/missile",
        "place": "Plavni",
        "snippet": "Geolocated footage published on June 16 shows Ukrainian forces striking a Russian servicemember northwest of Pryluky (northwest of Hulyaipole) after what ISW assesses was a Russian infiltration mission.[61] Russian forces continued limited ground operations in western Zaporizhia Oblast on June 16 an",
        "url": "https://understandingwar.org/research/russia-ukraine/russian-offensive-campaign-assessment-june-17-2026/"
      }
    },
    {
      "type": "Feature",
      "geometry": {
        "type": "Point",
        "coordinates": [
          35.922969,
          47.4165079
        ]
      },
      "properties": {
        "source": "ISW",
        "date": "2026-06-17",
        "title": "ISW UAV/missile",
        "place": "Zaporizhia",
        "snippet": "Ukrainian officials reported that Russian forces struck industrial, commercial, educational, and residential infrastructure in Zaporizhia and Kharkiv oblasts.[71] Ukraine\u2019s largest energy company, DTEK, reported on June 17 that Russian forces struck an energy facility in the Dnipropetrovsk Oblast, l",
        "url": "https://understandingwar.org/research/russia-ukraine/russian-offensive-campaign-assessment-june-17-2026/"
      }
    },
    {
      "type": "Feature",
      "geometry": {
        "type": "Point",
        "coordinates": [
          5.9579471,
          50.4497063
        ]
      },
      "properties": {
        "source": "ISW",
        "date": "2026-06-16",
        "title": "ISW UAV/missile",
        "place": "Open-Source",
        "snippet": "Petraeus Center for Emerging Leaders Hertog War Studies ISW\u2019s Premier Educational Program for Undergraduates Fellowships Enrichment and Advancement Opportunities for Entry-Level and Mid-Career Professionals Internships Launch your Career at ISW with an Internship in Open-Source Intelligence, Geospat",
        "url": "https://understandingwar.org/research/russia-ukraine/russian-offensive-campaign-assessment-june-16-2026/"
      }
    },
    {
      "type": "Feature",
      "geometry": {
        "type": "Point",
        "coordinates": [
          -86.9166535,
          40.4385875
        ]
      },
      "properties": {
        "source": "ISW",
        "date": "2026-06-16",
        "title": "ISW UAV/missile",
        "place": "Samara",
        "snippet": "Petersburg, and Kazan as of June 12.[3] Radio Free Liberty/Radio Europe (RFE/RL) reported on June 16 that authorities and diesel companies, including Tatneft and its subsidiary TANECO, have imposed gasoline and diesel restrictions in Samara, Ulyanovsk, Orenburg, and Nizhny Novgorod oblasts and the r",
        "url": "https://understandingwar.org/research/russia-ukraine/russian-offensive-campaign-assessment-june-16-2026/"
      }
    },
    {
      "type": "Feature",
      "geometry": {
        "type": "Point",
        "coordinates": [
          7.1586813,
          50.8746173
        ]
      },
      "properties": {
        "source": "ISW",
        "date": "2026-06-16",
        "title": "ISW UAV/missile",
        "place": "November",
        "snippet": "A Ukrainian private intelligence and data analysis company Dallas Analytics reported on June 16 that Russian President Vladimir Putin issued a directive to expedite the production of four additional Oreshnik IRBMs following the first Oreshnik strike on Dnipro City in November 2024.[18] Dallas Analyt",
        "url": "https://understandingwar.org/research/russia-ukraine/russian-offensive-campaign-assessment-june-16-2026/"
      }
    },
    {
      "type": "Feature",
      "geometry": {
        "type": "Point",
        "coordinates": [
          97.7453061,
          64.6863136
        ]
      },
      "properties": {
        "source": "ISW",
        "date": "2026-06-16",
        "title": "ISW UAV/missile",
        "place": "Russia",
        "snippet": "Key Takeaways Russian authorities and energy companies are increasingly restricting the sale of gasoline and diesel in Russia as Ukraine&#8217;s long-range strikes against Russian oil infrastructure cause shortages",
        "url": "https://understandingwar.org/research/russia-ukraine/russian-offensive-campaign-assessment-june-16-2026/"
      }
    },
    {
      "type": "Feature",
      "geometry": {
        "type": "Point",
        "coordinates": [
          38.2115057,
          45.366794
        ]
      },
      "properties": {
        "source": "ISW",
        "date": "2026-06-16",
        "title": "ISW UAV/missile",
        "place": "Poltavskaya",
        "snippet": "Geolocated footage published on June 16 shows fires and smoke rising from the Moscow Oil Refinery.[21] Russian officials acknowledged on June 16 that Ukrainian strikes damaged and caused fires at the refinery.[22] Two industry sources told Reuters on June 16 that the Ukrainian strikes forced the ref",
        "url": "https://understandingwar.org/research/russia-ukraine/russian-offensive-campaign-assessment-june-16-2026/"
      }
    },
    {
      "type": "Feature",
      "geometry": {
        "type": "Point",
        "coordinates": [
          8.983921,
          40.732465
        ]
      },
      "properties": {
        "source": "ISW",
        "date": "2026-06-16",
        "title": "ISW UAV/missile",
        "place": "Tula",
        "snippet": "The Ukrainian General Staff reported on June 16 that it confirmed that Ukrainian forces struck the JSC Central Design Bureau of Instrument-Building in Tula Oblast, which produces radar systems and radio navigation equipment, at an unspecified date.[27] The Ukrainian General Staff reported that fires",
        "url": "https://understandingwar.org/research/russia-ukraine/russian-offensive-campaign-assessment-june-16-2026/"
      }
    },
    {
      "type": "Feature",
      "geometry": {
        "type": "Point",
        "coordinates": [
          34.60075,
          48.57983
        ]
      },
      "properties": {
        "source": "ISW",
        "date": "2026-06-16",
        "title": "ISW UAV/missile",
        "place": "Kurylivka",
        "snippet": "Russian milbloggers claimed that Russian forces advanced in Kurylivka, Kivsharivka (both southeast of Kupyansk), and Kupyansk-Vuzlovyi (south of Kupyansk).[36] Ukrainian forces&#8217; intermediate-range strike campaign continues to impede Russian logistics in the Kupyansk direction",
        "url": "https://understandingwar.org/research/russia-ukraine/russian-offensive-campaign-assessment-june-16-2026/"
      }
    },
    {
      "type": "Feature",
      "geometry": {
        "type": "Point",
        "coordinates": [
          37.65257,
          49.358708
        ]
      },
      "properties": {
        "source": "ISW",
        "date": "2026-06-16",
        "title": "ISW UAV/missile",
        "place": "Borivska",
        "snippet": "Russian forces continued offensive operations in the Borova direction on June 16 as Ukrainian forces reportedly counterattacked northeast of Borova.[38] A source reporting on the Russian Western Grouping of Forces (GoF) claimed on June 16 that Ukrainian forces counterattacked near Borivska Andriivka",
        "url": "https://understandingwar.org/research/russia-ukraine/russian-offensive-campaign-assessment-june-16-2026/"
      }
    },
    {
      "type": "Feature",
      "geometry": {
        "type": "Point",
        "coordinates": [
          -75.4429717,
          40.9449315
        ]
      },
      "properties": {
        "source": "ISW",
        "date": "2026-06-16",
        "title": "ISW UAV/missile",
        "place": "Effort",
        "snippet": "Ukrainian Unmanned Systems Forces (USF) Commander Major Robert \u201cMagyar\u201d Brovdi reported on June 16 that Ukrainian forces struck a Russian heavy drone munitions workshop of the Russian 14th Volunteer Reconnaissance Assault Brigade, Volunteer Corps, near occupied Sokolohirsk (roughly 49 kilometers fro",
        "url": "https://understandingwar.org/research/russia-ukraine/russian-offensive-campaign-assessment-june-16-2026/"
      }
    },
    {
      "type": "Feature",
      "geometry": {
        "type": "Point",
        "coordinates": [
          34.3917272,
          47.5692061
        ]
      },
      "properties": {
        "source": "ISW",
        "date": "2026-06-16",
        "title": "ISW UAV/missile",
        "place": "Nikopol",
        "snippet": "Dnipropetrovsk Oblast Military Administration Head Oleksandr Hanzha reported on June 16 that Russian forces used a first-person view (FPV) drone to strike three Ukrainian civilians, including an elderly civilian in a wheelchair, walking on the side of the road near Nikopol, Dnipropetrovsk Oblast (ro",
        "url": "https://understandingwar.org/research/russia-ukraine/russian-offensive-campaign-assessment-june-16-2026/"
      }
    },
    {
      "type": "Feature",
      "geometry": {
        "type": "Point",
        "coordinates": [
          35.922969,
          47.4165079
        ]
      },
      "properties": {
        "source": "ISW",
        "date": "2026-06-16",
        "title": "ISW UAV/missile",
        "place": "Zaporizhia",
        "snippet": "Geolocated footage published on June 15 shows Ukrainian forces striking a Russian Volna Kupol Garant electronic warfare (EW) system in occupied Melitopol (roughly 75 kilometers from the frontline).[64] Ukrainian Unmanned Systems Forces Commander Major Robert &#8220;Magyar&#8221; Brovdi reported on J",
        "url": "https://understandingwar.org/research/russia-ukraine/russian-offensive-campaign-assessment-june-16-2026/"
      }
    },
    {
      "type": "Feature",
      "geometry": {
        "type": "Point",
        "coordinates": [
          35.922969,
          47.4165079
        ]
      },
      "properties": {
        "source": "ISW",
        "date": "2026-06-16",
        "title": "ISW UAV/missile",
        "place": "Zaporizhia",
        "snippet": "Ukrainian officials reported that Russian forces struck civilian and residential infrastructure in Zaporizhia and Odesa oblasts.[76] The Ukrainian Energy Ministry reported that Russian strikes caused power outages in Donetsk, Dnipropetrovsk, Kharkiv, and Zaporizhia oblasts.[77] Significant Activity ",
        "url": "https://understandingwar.org/research/russia-ukraine/russian-offensive-campaign-assessment-june-16-2026/"
      }
    }
  ]
}